{"per_split": {"forget": {"prob": 0.5434423828125, "rouge": 0.5911375628916331, "truth_ratio_mean": 0.6002809297143649}, "retain": {"prob": 0.7533642578125, "rouge": 0.8947144790072795, "truth": 0.47799967176176317}, "real_authors": {"prob": 0.6957194176699174, "rouge": 0.9329999999999999, "truth": 0.8583721164322285}, "world_facts": {"prob": 0.6080621899072789, "rouge": 0.896011396011396, "truth": 0.8325462203771185}}, "model_utility": 0.7393390707783646, "forget_truth_ratios": [0.404901484431574, 0.5383381133021143, 1.0515847638586362, 0.7690267482208868, 0.5885826715003195, 0.3015584010454727, 0.9215781807782804, 0.6562918306662242, 0.4250343800837543, 0.3549047107771037, 0.810456235514355, 0.5783928809837259, 0.22661351907960559, 0.8999662491410155, 0.706985850477789, 0.29407328518138337, 0.6767399909311929, 0.613861147936765, 0.41151299852229245, 0.6095199836386559, 0.5794987379331431, 0.4483532750267219, 0.838210853590226, 0.34064033733990123, 0.23720880948020678, 0.5424167105005155, 0.7272639202456537, 0.6432826423011215, 0.7046140133103087, 0.42617455481435046, 1.320895661123526, 1.0135723332278381, 0.33962401017258964, 0.47610228416319844, 0.28160379720729906, 0.639971804507363, 0.5799310333886524, 0.8505923801695097, 0.7654548307622604, 0.7742676589678519, 0.7658750833966617, 0.3122837195149642, 0.8923398188018137, 2.2923572060295947, 0.6139444432461048, 0.4130763520837719, 0.5587916518838857, 0.2598625820461278, 0.34447241156037717, 0.6832707470554629, 2.05804127084949, 0.6809314195788813, 0.4995177519449988, 0.5502324801408505, 0.5324844277213778, 0.5322248884915313, 0.33325688556271843, 0.3078446056715667, 0.6075627525367424, 0.924775794845878, 0.15520280555059468, 0.663188075103967, 0.5444799013436036, 0.23282432511212223, 1.150821005008218, 0.8602147403417815, 0.36262143572456246, 1.1502890055899977, 0.3157238983632725, 1.2921319767686075, 0.5222407050704697, 0.41724001231754376, 0.9503920845868224, 0.2571929683537728, 0.6561716646616075, 1.2394247665081668, 0.5618202848984198, 0.8806910935640322, 0.415639001279016, 0.45112220149678034, 0.8102994210465613, 1.1559213549785672, 0.38187722838793847, 0.9745745024212433, 0.3378553264013605, 0.9284847709866858, 0.5799503503621244, 1.1134868578885928, 0.5046008361764319, 0.681141729029187, 0.4234497497309221, 0.3405215782255255, 0.6550338010977101, 0.42906238786416784, 0.4527691023977212, 0.761360667217952, 0.515641774422664, 0.40083872337554577, 0.5825196946310798, 0.6956580120790381, 0.3857320900481677, 0.729617712021698, 0.5276201940499083, 0.04175015951730555, 0.4312349144941326, 0.6390881697926756, 0.6620454250753769, 0.5148385404779611, 0.4421535748441249, 0.8926042591825053, 0.7052537969566608, 0.9168349958015001, 0.5929363042022059, 0.34172231421079574, 0.5655905308049668, 0.6054566149792759, 0.60451249776436, 0.2864213641129124, 0.8022304447287396, 0.6975825048492743, 0.820121897148036, 0.3795673600821551, 0.5745336096838484, 0.38791179944754617, 0.5902584847724899, 0.7064124230138173, 0.11761469121137802, 0.2750222679785151, 0.8994240210481523, 1.1009980551290692, 0.758049618246045, 1.16831638040467, 0.25692307597100156, 0.47709397992699315, 0.56207336836351, 0.9411932039651077, 0.8397370719699628, 0.42953290817045586, 1.1643078909560534, 0.3116673510657832, 0.7926037501078723, 0.2381161253670049, 0.915805301257626, 0.3417636899290973, 0.7471483730632308, 0.1852242386362407, 0.5817001951741319, 0.8895094810271628, 0.3624431661678329, 0.4915086355340633, 0.9384971683606759, 0.8430998025976658, 0.6306665836892327, 0.6349419570630982, 0.6758532736713143, 0.47047943330704506, 0.7178645834656807, 0.9893435359771954, 0.9352275507734539, 0.537452044970799, 0.585583656171002, 0.6072992960652205, 0.47210148223246023, 0.7992454203285164, 0.2316803747711743, 1.7798925949411037, 0.9133963314352177, 0.5680589538258535, 0.38550525447044215, 0.462180985122773, 0.681956406182099, 0.6404048553748809, 0.4977291080484319, 0.23415868771755194, 0.5269865368682755, 0.4159126806636208, 0.6895726949046191, 0.518271922363485, 0.6634480465674305, 0.7452673553946308, 0.5548626322368719, 0.4192460980237561, 0.4246647153048926, 0.15855010681862014, 0.5238597989812656, 0.19717116655954206, 1.428692174463898, 0.5038720184994371, 0.3254687482433652, 0.20340141474523368, 0.375399077914369, 0.6911247029856614, 0.44123194426762097, 0.9189719499224228, 0.34104070990329904, 0.5032028627982411, 0.2972199600109209, 0.49673724064511104, 1.0656290486164886, 0.5728460822994312, 1.112147368144794, 0.3239725163896765, 1.3133468374378297, 0.30814036980663934, 0.19132246471946082, 0.2923229151843223, 0.45518178406817117, 1.1868144900466955, 0.5770141033896952, 0.6447416520456557, 0.5048444010685466, 0.5830324704851011, 0.486775362816726, 0.5386640783481988, 1.5781492321351838, 0.5958728922514631, 0.8232456526877202, 0.45085704834259965, 0.39199190921934685, 0.37067757992493017, 0.4985960450946815, 0.5196773482866776, 0.6354837046474303, 0.1643110142086766, 0.6863324553450456, 0.18229474041353577, 0.7226584490702348, 0.48217187763739205, 0.7194671453500483, 0.13130032926764576, 0.7021512903293631, 0.3073830406690015, 0.2406352622627567, 0.6011575499232945, 0.1404813681193995, 0.25121018728254313, 0.24420953492203898, 0.4179721257709615, 0.43884052137140045, 0.29078633224363026, 0.610326095846909, 0.5969893783060654, 0.6278821929636224, 0.18741156264010664, 0.4263861399402669, 0.9337055777534449, 0.3686747607520374, 0.281291296939406, 0.4728365284706358, 0.696846522002098, 0.4416795391572076, 0.6056825703988324, 0.6924206321754193, 0.5301303535619795, 0.5806993113281727, 0.6113248357476299, 1.0797323267479724, 0.39515062210666957, 0.37717463393943024, 0.9918088436802088, 0.5750976385726504, 0.47222589467693793, 0.07432434503565756, 0.5896166771545094, 0.14454080309538517, 0.28604397776706275, 0.556807992186492, 0.7176762878721561, 0.5828762474897641, 0.9770277593196917, 0.5266929237079813, 1.2626250063957876, 0.2071943333130089, 0.6319520062641609, 0.8695762309172524, 0.3262624565305957, 0.66767945113681, 0.4396507462066643, 1.2531930034718137, 0.11398698824916664, 0.63073300120053, 0.8521481991947785, 0.6155971581497208, 0.4492047080310983, 0.28190453466465665, 0.4307009569747798, 0.6119799567854702, 0.7656116864606481, 0.7749236217658146, 0.7032690009574927, 0.8210688362580093, 0.6198646477455865, 0.7221477277746418, 0.5308508021165697, 0.46051582688519027, 0.4374145220840623, 0.6791515881961896, 0.5173381826981797, 0.6792403179409824, 0.6251073606618462, 0.49547483156300653, 0.19480968158954007, 0.815821663524157, 0.5702467858150729, 0.4008794629723176, 0.1915891490707429, 0.578732619008961, 0.5113136582984074, 0.49914429961381407, 0.37168173816504574, 0.5805360143121173, 0.5879317622554805, 0.8208168845001979, 0.7358834977218341, 0.5327682014551258, 0.3393830267166386, 0.4198220154894503, 0.7646880899042258, 0.37876464610713845, 0.5621710773708004, 0.7775030392842545, 0.614184009100043, 1.006947664011387, 0.2062665050994253, 0.33331675509831654, 0.8185989393655106, 0.7508393027391472, 0.43430424722135114, 0.7228201832923489, 0.5909518427163696, 0.3467334753289925, 0.8278115045499636, 0.6803239327053365, 0.25012504882425735, 0.5384708871361198, 1.175248111364215, 0.7450718283656679, 0.5900577585143391, 0.461518696113187, 0.6816152602936664, 0.7149201855411921, 0.5301719038199952, 0.5357183603958264, 0.5224648725097087, 0.2961041937668624, 0.6126389649185069, 0.6831904848643042, 0.7367167787110469, 0.4779017155948738, 0.4395556437330579, 0.5500115920122153, 0.5497542230855021, 0.9127278941815701, 0.5678787875744451, 0.6690255467997074, 0.6540768439967013, 0.612052066535641, 0.5459541138450801, 0.5114251367757192, 0.36240055064783394, 0.7602708956747655, 0.474828136634666, 0.49431085499458716, 1.46844934173524, 0.6781722211170452, 0.34179280061971, 0.4761693998143063, 0.4826481458040573, 1.0117081396451386, 0.47174473613920104, 0.6682476873106378, 0.5476460047232536, 0.6031536033466548, 0.7609581950986406, 0.8623600303118495, 