{"per_split": {"forget": {"prob": 1.397077754575094e-05, "rouge": 0.00798006218755299, "truth_ratio_mean": 3.5329852159683735e+31}, "retain": {"prob": 0.13467401146888733, "rouge": 0.34798427712278884, "truth": 0.484879720946555}, "real_authors": {"prob": 0.2927819872743497, "rouge": 0.6829999999999999, "truth": 0.4838422708835142}, "world_facts": {"prob": 0.3161780950099482, "rouge": 0.806980056980057, "truth": 0.502804023283274}}, "model_utility": 0.3502131474915133, "forget_truth_ratios": [2.360546413548882e+20, 0.1651543105870888, 0.33308322517212463, 0.742581422661785, 1.487103604997673, 1.6523310361767864, 1.0003672083205741, 1.826426452243809, 1.8222156092537098, 0.8189653159196114, 0.7404736923734141, 1.490745001468018, 3.3191347410358767, 1.349823132517591, 2.7180149453533504, 1.2217815924161333, 0.5643002821546506, 1.1042955106446402, 2.0451345336394486, 1.4904713117508406, 6.51684386666873, 0.9999999999999973, 0.40400278605294476, 2.2240189440712057, 0.9054279870902704, 1.8208713884815595, 2.4028464636185976, 0.9044067740868164, 0.6704643848104984, 0.49610615909263706, 0.40694853207403386, 0.6699875826622886, 0.6695349982546015, 0.4483089097352919, 1.2217815924161333, 2.1973884699883457e+22, 0.3323958449219229, 0.984725646354248, 0.9992363892970335, 0.8169833106942098, 4.468529197500403e+33, 0.9047237704036679, 1.6422018348623864, 0.7394976393284571, 0.904697127010242, 0.33272529015865476, 0.6701805212217377, 0.5492096393446056, 0.9068117164764722, 0.9617999372714723, 0.915901553786656, 1.1051611819007399, 2.01500265488708, 0.8177574850392891, 0.8151931096059227, 0.6695355996987136, 0.3323958449219229, 1.6506058937289474, 0.3655001598462318, 0.45073746013972993, 2.797035905031236e+30, 0.8175376725237535, 1.3522693607353609, 0.998624472669682, 3.3165348672912622, 1.2183971038585275, 0.4962635530002361, 2.718842780623077, 0.8169833106942098, 0.5487077393327986, 2.655967828215951, 0.40742425677611377, 0.9992363892970335, 2.230463167573768, 1.350734803423316, 1.6484270560803453, 0.9070439821994126, 1.2206443086971484, 0.5478988291995418, 0.6673392149427851, 1.351173140516934, 1.3522693607353609, 0.6062190786208689, 0.9998655913929964, 0.7394732787281044, 2.156659091242811, 0.5506466573774746, 0.904697127010242, 1.3257816069359853, 1.2180900827606336, 0.49306434087064277, 0.18146850525203348, 1.6230747755246635, 1.0164628412224406, 0.9976684248949679, 1.108725535494268, 1.0023204559503036, 1.3478323790256477, 0.40629564038206345, 1.0081978184971696, 984978.2370578307, 0.4474598884107817, 0.33858016929279033, 0.6061914062293314, 1.4917721284900776, 1.2213812379802045, 0.368926422877403, 1.0023204559503036, 2.0147700527270773, 1.4774559175773831, 1.490199127087331, 0.9696845985878159, 1.6514144317463695, 1.6263405459559048, 0.7408378000863536, 1.6516364258976541, 0.5520148725122999, 1.5082925762723454, 0.6036290518672616, 0.8200293313335172, 8.45816655222439e+31, 1.4921581112342361, 1.4917721284900776, 0.9077043057463777, 0.6082502009589427, 0.5520148725122999, 0.49658321765634883, 0.668559221655056, 1.000000000000002, 0.8890895361322015, 1.2210672019061237, 1.8199397640516914, 0.6050678137266651, 0.9048453894120143, 0.6199180245515964, 4.063615347099921, 2.759818300188847, 7.387491921199538, 0.2717923738791333, 0.24778202590621892, 1366895.3973872524, 0.1653259635030591, 0.5492096393446056, 1.3496111864633331, 0.7394976393284571, 0.2474709834044504, 1.6536312849162018, 2.2096360115599754, 0.669680323757361, 1.4564513624208673, 0.5478866625861695, 1.221510694866045, 1.2209608213480168, 0.8200293313335172, 1.6516364258976541, 1.2194685748299037, 0.3325911317996577, 1.1061386442161385, 0.9049670247691953, 0.22325533257657176, 2.5610200738343903e+31, 1.0013881075049405, 3.3165348672912622, 2.019714225933746, 0.816233938197315, 1.825079125196729, 0.24639110986720955, 0.1981116490576399, 0.36926932749495, 1.3490087068801317, 1.2245538877052642, 3.31542716813731, 0.60637435221293, 1.8224221047199631, 0.669939210966479, 2.2206992254277944, 1.4917721284900776, 1.3499511562786204, 2.187268128515925, 0.6082502009589427, 184287.01473016557, 1.1043459212862605, 1.6477835034079253, 2.224790612901223, 0.3012879496480136, 0.6066666073607409, 0.44919088538655216, 1.4915716214763173, 0.7394976393284571, 1.1082314764337116, 2.7119558099321113, 1.487103604997673, 0.2723813005255318, 1.2180900827606336, 0.6068020224074779, 1.6484270560803453, 0.6707041886793108, 1.1166459711038144, 0.606918389606952, 0.9617999372714723, 23735.87478065212, 1.105545223309654, 0.6686819606428893, 0.6070572183546848, 0.44919088538655216, 0.6056157501131847, 0.9048453894120143, 0.7481389348694268, 0.9049670247691953, 0.45065472565175513, 1.4683910863399323, 1.2212170738293848, 2.011694227589531, 2.223956868995471, 0.6711137584491684, 0.669939210966479, 1.504800752412392, 0.9037538286741839, 0.9030573936233564, 1.8215327309862581, 1.2254595240197246e+28, 2.4559741355264597, 0.904697127010242, 0.36766565084900515, 0.817237162703155, 0.33271093020763376, 2.2321097610346756, 0.27252431044481135, 0.4971681026009945, 1.4917297164356094, 0.9049670247691953, 1.3490087068801317, 1.2238150441808262, 0.44936633735168896, 0.5481657391721215, 0.4490200494250646, 1.3522693607353609, 0.9998655913929964, 0.8177948153364016, 0.44960230578793275, 23.813647646310194, 1.1031227157308423, 0.5501812030249139, 3.3137392514563913, 1.2228564315152142, 1.0000000000000007, 4.495592735333005, 1.3475909648937858, 1.4944756049584271, 0.818745178740178, 1.4938467614839332, 1.1042955106446402, 1.1051611819007399, 1.6469896371428228, 0.8177574850392891, 1.0027781418523112, 0.9055547091885271, 1.6457313725719058, 1.002173108342576, 1.496550097761598, 1.9817378159414533e+32, 1.8261809648085647, 1.6465779848955149, 0.8189653159196114, 5.480865477209991, 2.9940888351865587, 1.4915716214763173, 2.4076812038598274, 0.9045310665866019, 3.663363093913018, 1.1059511887144222, 1.2210727592285315, 3.3162172846738924, 1.221161328310663, 2.2295308273953003, 12.174697827712292, 0.6065573770491806, 0.5489645414450495, 0.36782697963395516, 4.488786472702847, 48298351786.35832, 0.9068117164764722, 1.0001835873081384, 1.0001835873081384, 3.3221408797022147, 1.1036796061155896, 0.9989937143325318, 2.026584172630695, 0.6706153799998523, 1.96272512751422, 0.9979919516614268, 0.8151931096059227, 0.9055547091885271, 2.2241066359137256, 0.8188926203414812, 0.4517524534956531, 0.3283159755504714, 3.372825310849871, 0.8177574850392891, 0.8184768916205841, 1.5153598304195775e+33, 0.9037400007904538, 0.6645398059489727, 0.4989420124521125, 0.8955389853880872, 1.495446115489819, 1.3499662032425515, 0.6056157501131847, 2.4554891990339613, 0.5481855107981074, 0.9068117164764722, 1.1030472106597335, 3.0023519694374268, 1.1011097046555955, 1.1051611819007399, 0.9068117164764722, 1.636380447941731, 0.18254184893330946, 5.946507042555575, 0.9959879355809816, 5.033430162920424e+30, 0.7431321932562317, 1.4564513624208464, 0.495819362951331, 0.3329413615331811, 0.9044622927623918, 0.9057866529485805, 1.6506058937289474, 0.8200293313335172, 0.818745178740178, 0.9988695960701902, 1.6456259727091398, 1.2213812379802045, 0.6645398059489727, 0.9974129530738822, 1.6461920559010415, 1.1044943748366276, 2.018495616616513, 0.9028804514474409, 1.1029675615894958, 6.192805397288767e+33, 1.3466536725568767, 1.1073634002200787, 0.7400660173547171, 1.1043667514565585, 0.7360219228178325, 0.7406096339453425, 0.9177444289624578, 2.7193419256504168, 2.004094794055502, 1.1082314764337116, 0.6696555697276828, 1.8210304836954723, 3.6205058019270906, 0.9974129530738822, 2.032586748501006, 1.8881750225898157, 1.5017790397616235, 0.739944061155925, 3.3611331621526737, 5091818784.983182, 1.2229814766368243, 0.49616207615240726, 2.7247864811219262, 2.0134700948384796, 1.8260951476222866, 2.7170911605368717, 0.9031219490509025, 2.2187020085126923, 3.0032705264481945, 1.0000000000000067, 1.8222750847684794, 5.491927256158997, 0.9999999999999973, 0.819150733010884, 