{"per_split": {"forget": {"prob": 0.6102734375, "rouge": 0.32489127062550976, "truth_ratio_mean": 0.606887420813094}, "retain": {"prob": 0.66333984375, "rouge": 0.5003495283491397, "truth": 0.4401275910465443}, "real_authors": {"prob": 0.7025669546246989, "rouge": 0.8763333333333334, "truth": 0.8603184559691645}, "world_facts": {"prob": 0.6413219090580163, "rouge": 0.8746438746438746, "truth": 0.8416621431057896}}, "model_utility": 0.6718547969080603, "forget_truth_ratios": [0.23346801549969484, 0.4435826799982356, 0.994406343609007, 0.8026666290027747, 0.6156103617836509, 0.2714809289928572, 1.0811166454271535, 0.6761393244111157, 0.36272619910501114, 0.3009950629621819, 0.7687855431948826, 0.6359787316148219, 0.26991617484852276, 0.8880254031564956, 0.7325696208449994, 0.24091994463812724, 0.5937335076391385, 0.4921584697603246, 0.5017910613288128, 0.5387947687108636, 0.4750177464114989, 0.4979161918181677, 0.8824535061245801, 0.27592334535845814, 0.3286366708317156, 0.4938557752636083, 0.7114207148557172, 0.5765067707808693, 0.6843115686725237, 0.43080369412146163, 1.2171902203600646, 1.02060753517401, 0.37172986956857795, 0.5036350422809422, 0.3547763365270588, 0.654148565222737, 0.6608829954426753, 0.8282298770765825, 0.7816526591098463, 0.6476285173164414, 0.6452397186110989, 0.3616455535672935, 0.7688849225979958, 1.8474185569562802, 0.7011286502723109, 0.5547138562743253, 0.7258595508656253, 0.27200240684855087, 0.4098155938000542, 0.6890543963774967, 1.9926795054407258, 0.5728649698341657, 0.567691940466045, 0.6689727161812984, 0.6009215463845581, 0.5566929114708682, 0.4306463736420836, 0.314373769902726, 0.5566715748350903, 0.9093779901203403, 0.2705201234548624, 0.7911268217653207, 0.4979931235973745, 0.15174816660496193, 0.9978134091623098, 0.8992669617246337, 0.4037650803461164, 1.25910937236838, 0.3438765543444478, 1.23082748598781, 0.5374978023242973, 0.45074888814538705, 0.776833909295154, 0.24162604866979384, 0.660249081679005, 1.2196953523448508, 0.6431164522411531, 0.9114611288949275, 0.3917680426843566, 0.3965691755539817, 0.8224665667661365, 1.3100938164475449, 0.3029139159565385, 0.9859077827913024, 0.4232961988129072, 0.885729163201236, 0.5169353836098387, 1.0850853977891188, 0.5622788443327869, 0.5935699722582954, 0.3840397106780963, 0.36391016415279703, 0.6255752185684738, 0.5746785290519996, 0.5295354983996278, 0.8703429433107481, 0.5499315755275589, 0.3950487293990464, 0.6306276447864467, 0.716281303870998, 0.33828109905646553, 0.6703204583449915, 0.5619009002845579, 0.06630487398845103, 0.5279448419726773, 0.6392608053422669, 0.6449354581247506, 0.5261550909493932, 0.43284880426260114, 0.9222354168498111, 0.6907027116090426, 0.8087761866401626, 0.608432545350072, 0.37287014961374654, 0.6440870707201488, 0.6586696786872224, 0.6852673621234584, 0.3022680252126376, 0.7741790228068544, 0.743218225613082, 0.7152304855193327, 0.3640033824865021, 0.6329141525197235, 0.3864503160128675, 0.7141536287965633, 0.7210452289562531, 0.07748612081902485, 0.33089383245787446, 0.7821051972870753, 1.1439116392947124, 0.7371190555681095, 1.1827470080701745, 0.23627559213072977, 0.44552768495065476, 0.6696916275874872, 1.0350209166253486, 0.899087896771651, 0.42306591886554373, 1.120176165563254, 0.385584286325986, 0.6698771525686555, 0.24654050025600335, 0.9818907033515568, 0.38628746889098997, 0.7528962489295941, 0.20401796786929027, 0.6369232837985425, 0.8531019380273659, 0.29751713376664635, 0.42768715632173804, 0.9952476244685174, 0.8072897676256167, 0.6941177860540267, 0.7725227824917225, 0.7237835484210965, 0.48014000698051634, 0.7314705322299154, 0.9778292184062382, 0.8994499393255541, 0.5409155143718121, 0.5746686624536554, 0.6797446659595896, 0.43478483137946383, 0.7513465150326615, 0.23333497771696118, 2.0811321690785394, 0.9401904653051104, 0.604951034654776, 0.37032213491506094, 0.48114302203529874, 0.6471490780442363, 0.5983637616462195, 0.4504552412952434, 0.3147883454169111, 0.5105262800721193, 0.4180346185481622, 0.7112710271630381, 0.559249019280966, 0.6451169059429249, 0.7543200560931973, 0.4547007445522491, 0.35820861498634093, 0.49243553962716646, 0.21062681422559987, 0.48493493078554506, 0.20833062704072824, 1.2297415693331673, 0.5300960488961687, 0.3782987385747333, 0.210051452480235, 0.32381667795244595, 0.6938566389978488, 0.7694920895615015, 1.0898991644106122, 0.32872940145538077, 0.6193315331659843, 0.3133161504422837, 0.6196413435340127, 0.7303015491227135, 0.6569251659528579, 0.42196640368524324, 0.3554085502863102, 1.0188050479514306, 0.3416784548239755, 0.17888657557510035, 0.2935571774356796, 0.41872967387996785, 1.1999483818118322, 0.5332073311987663, 0.6678684812125443, 0.5612929797885742, 0.6325237977606311, 0.4874457074704609, 0.434598829605304, 1.1604155936441272, 0.540950714462934, 0.6579538822967047, 0.4948856709700702, 0.3375886594217047, 0.3716766986065452, 0.15977511819762633, 0.5280588484673271, 0.6212896593427706, 0.248427727401952, 0.6131725898912149, 0.20337276349841005, 0.6608250389190098, 0.6208895170926202, 0.7985323157084262, 0.1591062249997392, 0.7425153840172175, 0.35851004743406195, 0.3543326914308402, 0.6677410559903572, 0.2120867139779728, 0.2946641182832023, 0.3033400316076853, 0.34993474880988507, 0.4049923631824866, 0.3649361574411969, 0.5400952252595931, 0.6107723544029232, 0.6733512146128474, 0.18381226086082234, 0.34506354434592407, 0.9383265750273053, 0.2930639327686388, 0.4075722285750449, 0.5524316360853317, 0.6425190400889502, 0.5197267150337029, 0.7792827482197793, 0.7411251129562332, 0.36235601871884626, 0.6689952902003823, 0.7018376748575191, 1.1810691306064327, 0.4585548426505799, 0.4617923745231565, 0.9551018134270555, 0.44841175097649844, 0.47670672984028345, 0.1520984769361811, 0.6224193897956759, 0.16700659772146254, 0.3641657699443562, 0.45042242471301314, 0.6410626311938601, 0.5925721948467074, 0.748885781901109, 0.5905997958670258, 0.9748651643799108, 0.2653261087259268, 0.7700807248447645, 0.7839343346570607, 0.4639618375026421, 0.8025282316576846, 0.3497977107873432, 1.1572577792645395, 0.12649009740276823, 0.6990564504397457, 0.9640298318628364, 0.6283278426294684, 0.4357152838254634, 0.35426602712316274, 0.6016770881845809, 0.6827506977149229, 0.8101610538633179, 0.7617273430772343, 0.7284818717688133, 0.8042961958893323, 0.6988509665918526, 0.6989475873092524, 0.5947430201939461, 0.5649427304709885, 0.5520658940517312, 0.657898677027832, 0.45960549300584536, 0.6989795061955362, 0.6361968294921739, 0.5414408145160816, 0.23477416615827865, 0.7534563899452781, 0.6775282097275088, 0.5294313378724009, 0.2771668483344921, 0.7721579148060093, 0.5608750056712267, 0.6434324465795878, 0.33881250060815254, 0.5594097388925393, 0.5941101726179768, 0.9026616873463835, 0.8571329409187679, 0.7062617097642077, 0.37591014408136836, 0.4198644556496757, 0.8899236595072062, 0.39961538687691006, 0.646222689606274, 0.7698130512666259, 0.810947264505194, 0.9412798470172735, 0.2283250187708557, 0.3713014456118166, 1.0714966523349743, 0.7058812921387515, 0.4497947666722659, 0.7480629943041083, 0.6129357901224126, 0.4204520084053976, 0.8330934931778127, 0.7018032061696684, 0.2912287490386581, 0.5430983895260066, 1.1810665989340405, 0.7477779974419766, 0.5239234016672787, 0.48441988906918987, 0.7310931803377477, 0.6288160744561531, 0.5765418340367906, 0.7540042400448138, 0.5871300034257951, 0.22389032564689718, 0.6039533659844333, 0.6721514373258034, 0.7729587113881331, 0.4529081505794057, 0.29371912532964833, 0.6067750053018963, 0.5633902256283273, 0.805321973678538, 0.5591234430722217, 0.6319393403757495, 0.6339149615338938, 0.6204201676363182, 0.5116529079451874, 0.5709437288859022, 0.33113433531860115, 0.5350564897053387, 0.3945084738853461, 0.5337603372086328, 1.1192851600199065, 0.6738372550888444, 0.35124291471668956, 0.6621533575044078, 0.4713448454857198, 1.047958865554371, 0.400029747361803, 0.6372146675603422, 0.6678047495918698, 0.613591683677218, 0.8059636164705448, 