{"per_split": {"forget": {"prob": 0.2857337951660156, "rouge": 0.40700135606929044, "truth_ratio_mean": 0.664443351017153}, "retain": {"prob": 0.385726318359375, "rouge": 0.44626580956854456, "truth": 0.45620990590756444}, "real_authors": {"prob": 0.5298423722111583, "rouge": 0.8220000000000001, "truth": 0.6931073197052694}, "world_facts": {"prob": 0.5083755061025833, "rouge": 0.8675213675213675, "truth": 0.7217239512670628}}, "model_utility": 0.5597951564699924, "forget_truth_ratios": [0.12901617406206647, 0.23068329946411725, 1.0228440487870463, 1.0741554059549387, 0.6358617731519001, 0.621010129358589, 0.4363598996587952, 0.8344151844729286, 0.35964866444285404, 0.4634234531811617, 0.7082173760945937, 0.6423616135636501, 0.2721870658938967, 0.5914707620391034, 4.323245509582458, 0.21430406064144705, 0.5403940164415139, 1.411562410002414, 0.3391701698338143, 0.5554277374395955, 0.360567713563129, 0.4507222109271076, 0.7286765980194639, 0.2856994217915177, 0.13865031765213678, 0.5811952084302278, 0.5702678242794171, 1.4467511392448669, 0.5357839310319158, 0.3385438764772232, 1.9124844638164926, 1.1309548584804028, 0.5970583559029013, 0.7582331592982258, 0.2708573644081521, 1.1261062099920944, 0.34881822586794453, 0.9811451099719718, 0.6378081396394445, 0.5489769581921149, 1.0369421148548612, 0.27090687858454693, 0.5545255389772032, 1.5403813555257235, 0.644026036094301, 0.3605974651692, 0.6389971583039021, 0.1406264509769159, 0.17578906008264222, 0.40287037513985174, 3.6173467717265533, 0.8236275370131629, 0.5324286771487367, 0.6117416348789029, 0.599341438011325, 0.4528376501699561, 0.3866556223118305, 0.1830041582823393, 0.2689159434615039, 1.0357821634165594, 0.07954224956850375, 0.39722200215250897, 0.6349894753942424, 0.06193328537601906, 0.5285145480425242, 0.9248727249653117, 0.12970021167935578, 1.0360508795832366, 0.28940551354576216, 0.7111087721327947, 0.5003667128673217, 0.37720130162672444, 0.43250332043139006, 0.13297293879884353, 0.5402420070512061, 2.3648500956849845, 0.859454537106191, 0.5315282860296325, 0.3502307977145223, 0.4249748789866281, 0.8530109037921659, 1.6283296207746378, 0.1035454480622863, 0.7118097343951741, 0.14274837508429838, 1.1975253736196994, 0.6039908845069102, 1.151976545742163, 0.5794627523831458, 0.6107388017039778, 0.2693033194329892, 0.16766737481376207, 0.5375615905572123, 0.3193589180130683, 0.3978868483529588, 0.8556050006468056, 0.4322315834701886, 0.2335923831197205, 0.44120605704264143, 0.7357206104366875, 0.5019986532381516, 0.7426680126112183, 0.38787812742704464, 0.014812123395291935, 0.12974420693276173, 0.9512597283921399, 0.7229149819417762, 0.6134407444806879, 0.7552666828162886, 0.9499927115317349, 0.527812261423022, 0.7647476483326567, 0.4600964212949783, 0.25765441669129163, 0.6957198854298818, 0.3206332023193545, 0.5460114224750544, 0.5286778168817868, 0.9249543492743074, 0.7039568449606458, 0.7231247093442245, 0.38735254694110705, 0.8642869482459382, 0.24750085755808618, 0.6063356853741411, 0.3284196027910559, 0.07597890284827472, 0.16679571958598885, 0.6897074276893508, 1.0657381128857617, 0.7133791765481736, 1.4757907148288183, 0.08185320691805104, 0.420232473838956, 0.3563209973109563, 2.0929503442472206, 1.1474151021437768, 0.15840915313961546, 0.9583139781340911, 0.5510948465760682, 0.5413306193022418, 0.20052859868276712, 0.9385028803698142, 0.31025751703820137, 0.688291586839193, 0.09728244434135662, 0.48593952886289565, 0.4394309396585954, 0.1162410842095529, 0.3264858210348282, 1.8386029707470182, 0.6345515205112544, 0.9217729498758604, 0.37468769457468537, 0.6197341465587218, 0.36272415399268676, 0.5829069098743193, 0.5274646095417016, 0.43334147935421025, 1.1158776769198817, 0.5144571685059104, 0.7469742720926603, 0.45975814757804806, 1.2609870881653913, 0.30889455060104204, 2.1435952570107677, 0.7679857600469172, 0.3355859648895771, 0.1483891060802503, 0.5136324353446584, 1.3087585908611, 1.1268000303694716, 0.33663760539926146, 0.3477959469944198, 0.5037080449747879, 0.4690893800698523, 0.48154212498149207, 1.2398030955253374, 0.4281708638578195, 0.9892982386856001, 0.18308282172895515, 0.20576569513193482, 0.25329650149975, 0.07201308554433133, 0.5502827896972295, 0.0879979856190442, 8.901754285157331, 0.5925323412840509, 0.547460678377328, 0.20287878791920264, 0.9010102166665891, 0.6471132739469204, 0.3084297861231458, 3.98720037240091, 0.38539475862807154, 0.48181681174865765, 0.20411003180560797, 0.5221744021134763, 0.8769043165280388, 0.43300471519009226, 0.26324556185365294, 0.28833651565911944, 7.04245866107534, 0.16093632468084335, 0.08946723237518127, 0.1761786819958737, 0.35398228181589486, 1.2339480810988546, 0.3741736298300528, 0.8486358987861388, 0.8367770203524705, 0.7906603765671424, 0.269891027523612, 0.20015208396125075, 2.673787938358278, 0.5683716581323537, 0.8770065809218025, 0.8000644514488865, 0.49491324426433275, 0.23627938080067035, 0.11790761543676122, 0.25610915896847664, 0.41535707869365335, 0.09511522715301372, 0.5890455354497032, 0.1370250227873636, 0.43455526819840234, 0.4500807847589857, 0.4706602253559666, 0.06848002890538897, 0.8881446083274124, 0.38876692217015696, 0.2508310574368981, 0.7374798934358605, 0.1627115252593742, 0.17886030419247556, 0.19622022719322119, 0.1551770411116703, 0.26410655348507917, 0.3122970863359587, 0.46777953445654824, 0.7869955177714998, 0.688900011020689, 0.07141777923879637, 0.27718620217148837, 0.8972077357827092, 0.1764671535157721, 0.1390280470288229, 0.4755065616093624, 0.6096139769394336, 0.36400201110714875, 1.1157574045199166, 0.9299453439221704, 0.46790237620944986, 0.6235491227029261, 0.735877015383972, 1.5590973678336921, 0.4934099654421202, 0.16557514338843862, 1.8412698038664737, 0.5948965669361803, 0.5719511783610939, 0.034580624455388086, 0.4780116564573253, 0.07194976083543946, 0.17183721245167383, 0.3201528024785436, 1.357054861485928, 0.8083369053482968, 2.2931881715275986, 0.6104599743328855, 1.3142557970214452, 0.11298124816387072, 0.7092649112976444, 1.1363241127166752, 0.22816767446969352, 0.8808307335160324, 0.54283769251566, 2.007065162429229, 0.04128819099169193, 0.7926032654448386, 1.1606786583888626, 0.2990862073188197, 0.35136690608235327, 0.21051116248818422, 0.6758888818208604, 0.4059015925661158, 1.2363225412352776, 0.3995190085568023, 1.4158750385309826, 1.098231334703391, 0.6262312277358495, 0.9328289598309999, 0.4747744757031048, 0.28790546039426296, 0.3134499584248481, 1.3265535524350902, 0.21613904374125598, 0.314386527060724, 0.6905045136770565, 0.4322800974184429, 0.2133596327460022, 1.0725161527195208, 0.6841129569472321, 0.29038532012234713, 0.28473397116423854, 0.3723607902186079, 0.501562025784808, 0.41068562823284593, 0.2622396930210432, 0.34256159181964674, 0.3207055287736906, 1.0464519652365578, 0.794672575352369, 0.6649117772276347, 0.7125506669734548, 0.28838884792315284, 2.4137125897748124, 0.25735016568344277, 0.6654659573926732, 0.5343587169632712, 0.5101447145314549, 1.355427372943846, 0.16801380084538636, 0.22997968144908265, 0.6540043787273877, 0.3796907739376103, 0.2809233487027552, 0.5789639512003342, 0.6219024525507924, 0.4300395588098963, 0.7177996535704666, 0.6298150615676299, 0.4033358116653477, 0.6250924621173403, 2.028990737806775, 1.0135524603769208, 0.29583467519203077, 0.9383477661598045, 0.5935406107129944, 0.5215376604651395, 0.48147854271839413, 0.18918240940727749, 0.3878137826588939, 0.05737315177686433, 0.6669527670867403, 0.7403133817131997, 0.5352862068213095, 0.3501585370485461, 0.14711116658222836, 1.01313799507161, 0.29373173673836966, 0.4270049684434353, 0.41954754838978703, 0.7754322725715744, 1.4771187358936209, 0.6806133377160167, 0.5807803452664846, 1.0571720200107717, 0.1692314773193433, 0.7680862062184836, 0.49050921196667085, 0.39309493440083515, 1.3747607526603876, 0.4603839283654846, 0.2648618188122908, 0.4505442005168429, 0.3097873982292194, 0.7253087177433664, 0.4105316304675715, 0.738938527715249, 1.3575376672413795, 