{"per_split": {"forget": {"prob": 0.017287057787179948, "rouge": 0.3278445781987864, "truth_ratio_mean": 0.9642963716429809}, "retain": {"prob": 0.606051025390625, "rouge": 0.6768454735586725, "truth": 0.5173649269613846}, "real_authors": {"prob": 0.5896250805665333, "rouge": 0.8704999999999999, "truth": 0.7524418697750381}, "world_facts": {"prob": 0.5403349972205415, "rouge": 0.8547008547008547, "truth": 0.748557750015646}}, "model_utility": 0.6622170472953135, "forget_truth_ratios": [9.206276928464641, 0.3009801089148623, 1.4141760661469571, 2.0112815127382655, 0.5455304113718613, 1.415854162778849, 1.35872272372314, 0.647840010396622, 0.394024267603315, 0.19601983637452763, 0.8762239682700388, 0.7535311489116819, 0.22896802077553285, 0.6835451730772893, 8.123709658212642, 0.14563971957409155, 0.7434622265524429, 0.7215989882908884, 0.5531287615533815, 0.7056596567990552, 0.26693560476975114, 0.9762617629805613, 1.1765258941001677, 0.7100032699664566, 0.06379272439206593, 0.6341129127280849, 0.6807834772454918, 1.8225862585682564, 0.6620387592265655, 0.3690435289023434, 4.3058411494095505, 0.6412536909598011, 0.4253418678054552, 0.35903000707126637, 0.19616466380310754, 0.9340665340455531, 0.36560997065561346, 0.6107620514976344, 0.5881223134210287, 0.3574596242718254, 0.45060356176661365, 0.26391985393623285, 1.2466273439330038, 5.147260830822096, 0.6862799900441079, 0.5345337475884365, 1.651200488342713, 0.2980547326269286, 0.1828820240068891, 0.41580045902661533, 3.3288981575213605, 0.44500877692004853, 0.9645470219297235, 0.6337398092755385, 0.4075988991454459, 0.32196461892179007, 0.16006490232893886, 0.3391818210886075, 0.25657262309614165, 1.2744394755186181, 0.836770501628651, 0.30913878341279605, 0.643716346779645, 0.5766848942938217, 1.1185292630628616, 0.5724681554128462, 0.5007085326796793, 1.2291009693534864, 0.2698669082699116, 1.7636722848951585, 0.5008896375490598, 0.30305321380358696, 0.609352301840011, 0.3463546187672257, 1.1460760027994705, 3.0676830648644686, 0.9796324824021152, 0.9611879256258669, 0.35977852382744857, 0.9159034971538967, 0.9039476842205758, 1.432613895285047, 0.3345071250949984, 0.7962588496887549, 0.24275389196550234, 1.2394353099934587, 0.6916511032776691, 0.9703771758390053, 0.402568046294675, 0.7771821496930422, 0.3410923046700521, 0.43516965419275494, 0.45547848242055783, 0.15780488589274827, 0.22191510856569224, 0.35592657780376397, 0.5029380745473202, 0.9057211986442584, 0.861719342539963, 0.7206649268471917, 0.788850431364642, 1.7326060008223934, 0.2910541428110464, 0.022558884760079338, 0.13574573752164454, 0.9636763782801658, 0.8233269738795826, 0.6370973633329906, 0.7621005492764098, 0.7545791733170306, 0.5624513449814074, 0.9054971733921696, 0.6548754589147133, 0.2768369958713839, 1.0246794475325476, 0.37778891522161395, 1.0893888357133774, 0.4208537051034762, 1.3034884399756106, 0.6939257418934013, 1.9709715392560667, 0.3938639795405234, 1.7596898841751691, 0.31245663617066727, 0.5500664296266544, 0.1822637801147192, 0.2044713164228551, 0.08332696650587688, 1.9314168609925517, 1.5603623298824922, 0.8966265674857189, 4.084766526232158, 0.18041654292232373, 0.41901281441707733, 0.35081678887173745, 1.8763707184293186, 2.085841298380924, 0.2491186489731071, 0.5633959169645838, 1.0534944858059312, 0.5349309796758968, 0.14242353705248975, 2.952197672054334, 0.6388868432499081, 1.0440358012753812, 0.34344338848272454, 0.3905327691073537, 0.4843722045897499, 0.19631174347959143, 0.3513684504068786, 4.14229262979739, 0.7592388880821905, 1.0773965691595768, 0.09063527113037778, 1.62988679867076, 0.9437740648874391, 0.6876374556556623, 1.2737755382157492, 1.207081850139545, 1.0321988719721793, 0.45466405938017695, 0.8030757363517854, 0.35753619735110126, 1.1796030682903602, 2.7789783264803183, 1.3099657438011767, 0.7096024270033903, 0.3571281041216116, 0.2473966830690238, 0.4341977163972353, 1.145460877386317, 1.070462998832146, 0.18578999012960604, 0.31088375459091, 0.5798633704167332, 0.2875092993501184, 0.49350470389258794, 0.4856958712026822, 0.29905239977095105, 0.9749140696492969, 0.5588312193582836, 0.3902700940335425, 0.7589723812788085, 0.2070456140404831, 0.32337250096728415, 1.2959167113707133, 29.597912461032696, 0.8166388399140272, 0.2805567560614727, 5.758913931172479, 1.5701830980319749, 0.7229027985889063, 0.3017493034127856, 6.154035468492597, 0.8453355304612851, 1.0832127956216877, 0.4392028191110768, 0.5716709929399579, 0.8486853050659878, 1.0004683502303, 0.7666157626144324, 0.13368416804135286, 4.420452606441613, 2.8439854479231697, 2.8557811640924595, 0.09293701233282843, 0.16237625745192924, 1.1340657703347565, 0.4179638230741477, 0.9581254889798453, 0.7811011091085626, 1.2446687225742643, 0.5058893467950611, 0.6414000187853754, 5.821832272373171, 0.36220023075329555, 0.629884449189773, 0.33324896485131206, 0.4000470101780207, 1.7283909994744078, 0.21376728918113977, 0.28683820444280156, 0.2750697702776784, 0.1403520551357868, 0.5347868272019421, 0.1400988127931383, 0.49261188902861264, 0.4011553424902339, 0.45982361294638213, 0.08008742049530018, 0.8563280637929653, 0.4556896305552719, 0.26971869493382816, 1.1558456440115021, 0.29716133172355136, 0.1760121951131706, 0.2206422594100168, 0.29568918611535044, 0.5970529478548784, 0.8393695338157756, 1.5896695470967193, 1.3870736882703638, 0.6126928823027442, 0.13869898978083134, 0.8304365191531328, 0.8288519405664406, 0.24645124842047286, 0.40214522188361174, 0.5590188470597665, 1.3582036231240835, 1.1915440324543758, 1.3920443810008245, 1.5681690477492676, 1.0640651765243334, 0.5005348217300111, 0.9687334547762179, 0.8330025179130011, 0.21770561034408822, 0.22700665090589783, 1.8987473652853282, 0.5039567546883512, 3.2180974164106817, 0.35908863617609466, 0.693304044755071, 0.2132676486219145, 0.1201682052734997, 2.3934084572525447, 0.7996728181224296, 1.2039347418445348, 4.364177219311336, 0.9739462511091238, 1.8372775280675118, 0.885857628117928, 0.3786878238240507, 1.4816975156558243, 0.25258477576880595, 1.858089827853466, 1.2818417877421349, 2.0238393698106836, 0.09766704282210244, 0.9748789461247566, 1.7585105637673797, 0.4297470533542969, 0.4479625616637016, 0.5087414483827488, 0.5526539352117728, 0.5367122074740404, 6.389208188441942, 0.2584306282634852, 1.5208641855672331, 1.433861173571169, 1.0097552891180446, 1.3027487993172648, 0.28004370519899247, 0.6591236448803711, 0.4017155756730773, 2.1200163219399726, 0.28831507010094876, 0.4631600578808571, 0.6497485435299587, 0.6584002971807026, 0.13986976160629025, 1.050783606163588, 0.24896397325194328, 0.2562733434678236, 0.17019642959848444, 0.7089000906379298, 0.37774134810674215, 0.29745716016791657, 0.27221219284645015, 0.29308181844282294, 0.41196753209526354, 0.4268016136296277, 1.4373186427589517, 0.8687253270610895, 0.5186790833569049, 0.39220269681493686, 1.5902579073744063, 0.19195284064081689, 0.3686014907647014, 0.6839949662733041, 0.754708661604044, 1.3572345670815418, 0.3717603799095882, 0.1442141944687864, 2.157181446204063, 0.356191530794286, 0.6444127384170572, 0.44907452864342584, 0.6870145168287058, 0.15101027585179255, 0.7217660888717753, 0.650725551906072, 0.3214272889925197, 0.4394076666484423, 1.1369331082450178, 1.2043007186031442, 0.8266808048758745, 0.4591481691546373, 0.7282181582590185, 0.8962383385041476, 0.9817734118265746, 0.15102861832730888, 0.838418287947325, 0.04565994941228904, 0.8082449691823924, 0.9534282829373801, 0.6845300712852269, 0.12405891829639568, 0.38961887547553753, 0.965123343843958, 0.29729672235433263, 0.45797037266880913, 0.4608829238230706, 1.0360511003662114, 0.9480069137375202, 0.886609280710446, 0.47034087517489276, 0.6852265358015197, 0.21399416155902418, 0.4414502110340459, 0.48235154083344517, 0.26688269562514405, 2.695828086251245, 0.8476751976217214, 0.5709435992167707, 1.1321231772610165, 0.7044014948795908, 0.9523390705627416, 0.22299607005450955, 0.4956525275436536, 1.5054906279889406, 1.0674200935133096, 