{"per_split": {"forget": {"prob": 0.11063613891601562, "rouge": 0.3975306644914822, "truth_ratio_mean": 0.9107320452003836}, "retain": {"prob": 0.7502978515625, "rouge": 0.9836180810206756, "truth": 0.4646252891423931}, "real_authors": {"prob": 0.6646244057765918, "rouge": 0.9055, "truth": 0.8304949287389418}, "world_facts": {"prob": 0.5704713423822291, "rouge": 0.8803418803418803, "truth": 0.799819437702788}}, "model_utility": 0.7226626099383812, "forget_truth_ratios": [0.9864111368278916, 0.9872878097862706, 1.6208352652853897, 1.0259419185616072, 0.7660494552213083, 1.4092393069182276, 1.0835368046865128, 1.1389900222271951, 0.6562489730540348, 0.4162818108229803, 1.0552511694574356, 1.0159731103952314, 0.20207385228903527, 1.1817035418072694, 1.1462717542133185, 0.24491721073651623, 0.7443722145316719, 0.6873769420339008, 0.4402784226845913, 1.2569772767244136, 1.044171481102844, 0.813226776710039, 0.8090440460750281, 1.0761581179109831, 0.35511221323693964, 0.5636565406492771, 0.8045248646948203, 0.9639403269528097, 0.5917035732063916, 0.5940852876611386, 1.6777436108681616, 1.1960055980757018, 0.6479732769453275, 0.5016637865563764, 0.31171616078508063, 1.081329209509375, 0.645805898169364, 0.871754884201298, 0.9359389176499675, 0.6235338665643096, 0.774636474709718, 1.1206117566237017, 1.0195378691414132, 2.2450969380726704, 0.8407909967450244, 0.5625956521087346, 0.6149911269450066, 0.27817042096957867, 0.3864977857538061, 0.6456368135944389, 3.2837446016805085, 0.7024534636244348, 1.2711342614093075, 0.6419385654030451, 0.6083568992289464, 0.5308938396508407, 0.4441555900933115, 0.3472546346739646, 0.9732785161661334, 1.002139883997151, 0.38560921071635507, 1.0468810603558505, 1.1416979324396084, 0.9069420663886425, 1.101232275083313, 1.2182306484713603, 1.677122477350811, 1.6920963568349128, 2.006491026158759, 1.695536027705345, 0.7742308503881022, 0.7191927787952216, 1.2586326342566516, 0.9600094530696315, 0.9102718673559446, 2.767547313229069, 0.5827027330843703, 0.9144936182264959, 0.3886190424200171, 0.9446498035443004, 1.2527284423501115, 1.8353042861962985, 1.925911490080816, 1.058503590703293, 0.9141026186875161, 1.134848835612512, 0.43616317365851026, 1.527642976488131, 0.5364626622279552, 0.7723413148265538, 0.6611225669634481, 1.1844655602872745, 0.6346676818750664, 0.44450033065491007, 0.6361277359712861, 0.9089135443192651, 0.6584621358267643, 1.929421515120851, 1.1707592743991293, 0.7375213841606275, 0.7488081392257289, 0.8113136496702925, 0.5440431992696472, 0.10380474183321087, 0.6065987117000786, 0.9571674566496008, 0.8440772367451914, 0.4932571253401321, 0.5569853395091133, 1.3434870770652247, 0.8752862352419978, 0.7971242669574057, 0.788796368500991, 0.3116635071383785, 0.7182031736409351, 0.7254098782637115, 0.6874353618439206, 0.6211265989671972, 1.0698324451251258, 0.8708584974329, 0.757074157449881, 0.34478490769242437, 1.4616154458534545, 0.5713005738685863, 0.6359168010491916, 0.699523573847104, 0.11377825147012378, 0.23776436549153346, 0.9424767828189097, 1.3163049032990721, 0.7379447462648527, 2.1121199143767506, 0.5286392762532443, 0.6651301899478255, 0.9438697162860443, 1.9261031488643936, 0.6954727911979321, 0.5893148319436777, 1.120781286553046, 0.24791229881784146, 0.8207470779249568, 0.3561786746562827, 1.6750386819467373, 0.4936834338947089, 0.8426302562960274, 1.6118235999877695, 0.7166995905907946, 0.9033881949742505, 0.47246022440808644, 0.8009641934708875, 1.5169327000805743, 1.09729859938483, 0.9216789854170958, 0.6634025404972144, 1.2078305209124125, 0.8284454911385484, 1.1007722273219394, 1.0165420844485797, 1.070135707314062, 0.9031464783809349, 0.8881140684687338, 1.2845837549986951, 0.79652167472485, 0.9111466490246967, 1.1596016097885302, 3.470095280869689, 1.3748107369766662, 0.6744276362944337, 2.1368259491681867, 0.5057272409242367, 1.0517106561653553, 0.6497478875400433, 0.4320267674374654, 0.2747772103812308, 0.5979124454271498, 0.45697674396690124, 0.5707940699213178, 0.5431929769047992, 0.659690741246102, 0.8993679301695023, 1.9602336557820372, 0.3248511646694138, 0.7989729001663586, 0.8005473852004829, 0.42327331611446006, 1.0517136966275795, 2.284447759647664, 0.6806993362790492, 0.49638116314964914, 0.594534228090895, 0.638110128990593, 0.8870112979846965, 1.0552104042901498, 1.283012343993955, 0.3385782245224427, 1.1090766060552923, 1.3240129630368747, 0.7237363761618484, 1.1085241364583718, 0.6288687296519625, 1.8881855666623473, 1.0509569997101749, 2.5219699535377074, 3.677285466069511, 0.8226489437538586, 0.28793286075367097, 2.1208232145827304, 1.3736329290889475, 0.48188735250254683, 0.9505969803951628, 0.5019535761286675, 0.6980866124171459, 0.4654549472594601, 1.4359372441315987, 1.1504467764252813, 0.7633728438761058, 0.6794889448314877, 0.7592183252611276, 0.864491327749421, 0.7337488324437199, 1.728000591951537, 0.6502235631920023, 0.8525396796280349, 0.2456949483831552, 1.132214077690534, 0.172280635799227, 1.3379366245691107, 0.4693529510734152, 0.7944403653440233, 0.18801733766414414, 0.9388710310773737, 0.397787137367551, 0.24193957683394396, 1.2062082323763992, 0.40652287561533934, 0.30394637704590544, 0.2815911630863305, 0.23103481463299855, 0.9654875514471419, 0.4413482150795341, 0.7106243119811954, 0.8604841973288775, 0.6809641406687407, 2.950805829354737, 0.7168828168823186, 0.8876146822289639, 3.798026372731834, 0.2170617784772557, 0.4510724063649801, 0.8321192336872626, 0.3058165889175394, 1.065344260895742, 0.9508230021089281, 0.7609178602220805, 0.532670541573038, 0.83198908417806, 1.6891381719114285, 0.40714619964495885, 0.45147248891036024, 1.954842178907692, 0.621105212489323, 1.1644210729223199, 0.45350690322962545, 0.8860352862472258, 1.1931207465694473, 0.31313029125729863, 0.7586906330409517, 0.7292404292829818, 0.6216809435804457, 1.2143021796011577, 0.753684257650338, 1.5995597211387294, 0.6025227314435269, 0.6713782697310481, 1.3520261816504637, 0.3495034567455698, 0.9381419852502118, 0.5709483566292163, 2.197125805334816, 0.6776918814083233, 0.7838423147250138, 1.1077719912748833, 0.8840606780584562, 0.8573946689225846, 0.6397621776272101, 0.39087503268269963, 0.6572729328925132, 1.6863086484797138, 0.7858804509178504, 1.0024328142263195, 1.1508957631039793, 0.7411249701174857, 0.8904670887239792, 0.4164787910053165, 0.6074662400480606, 0.3492603092495955, 1.4881007372378614, 0.5209895165409397, 0.5092314952215062, 0.8224050077803999, 0.8629309755288417, 0.2927633128506348, 0.9927589331977164, 1.4755268759690354, 0.8178323724278694, 0.23304692095884835, 0.7512290081883511, 1.0702076532482308, 0.8427182084086088, 0.32345023887325464, 0.7637844179760476, 0.8232657950180948, 1.1305254504232283, 0.9897241483571976, 1.2503563384415168, 0.4959993659582319, 0.38914558213406025, 1.8204167103181725, 0.506761118086432, 0.7314081299015271, 1.093511735109046, 0.8733006370943213, 1.0892003301585949, 0.45337592472874494, 0.5585361802287968, 1.6950059508822621, 1.350096002977313, 0.9370776947950593, 0.7498817002246949, 0.6981058825580259, 0.3105279227355324, 0.8758156238596351, 0.6853226400104567, 0.25624745422661066, 0.8490584502034773, 1.6367451733819538, 0.7404593189164724, 0.5698868492933895, 0.3618042697961529, 1.042226029918497, 0.9600152021566495, 0.7974324508094676, 0.7645064777718054, 0.722782887969135, 1.9450733933263928, 0.7187956659806415, 0.5772074917445389, 0.6571225857791301, 0.8866265196447375, 1.43007486476864, 0.9659057723951645, 0.6186280497949894, 1.0881105212664857, 0.901321220382924, 1.8151165476092075, 0.631049166398243, 0.8598824784235131, 0.6233083866741561, 0.673399076390265, 0.9739333435776166, 0.8912958753135328, 0.3989129507147873, 0.6482095213253921, 1.6042177849798662, 1.1387438355539514, 2.4660186655817635, 0.8014086359223415, 1.166057348535396, 0.76461529978732, 0.6859712503288434, 0.8828387401183223, 0.6461249240177095, 0.7735575765438842, 0.8207836949242203, 0.6543518064793757, 0.5540274425787872, 0.22725978714718825, 