{"per_split": {"forget": {"prob": 0.2847114562988281, "rouge": 0.40727397598279447, "truth_ratio_mean": 0.6621087962769663}, "retain": {"prob": 0.385281982421875, "rouge": 0.4395484595072577, "truth": 0.4570640874089084}, "real_authors": {"prob": 0.5299539430052722, "rouge": 0.8220000000000001, "truth": 0.693350286797617}, "world_facts": {"prob": 0.5082667172763953, "rouge": 0.8675213675213675, "truth": 0.7211375748652668}}, "model_utility": 0.5586213273022752, "forget_truth_ratios": [0.12518308711738158, 0.24569228524192652, 1.025133440142327, 1.0241829793498278, 0.637774738804183, 0.6452223546949195, 0.4138000548923214, 0.7982002273689757, 0.355148092502123, 0.474505004855185, 0.7535427296992557, 0.6588914129035698, 0.2830217536583832, 0.5616786086980804, 4.187185041857951, 0.2258939744456057, 0.5224711339017525, 1.3612270181003203, 0.3369933839405163, 0.5414324013348587, 0.3534065735522241, 0.4507222109271076, 0.7358737062636007, 0.29579200403113776, 0.13511080961151664, 0.6124552877103583, 0.5701861748797443, 1.393872045220728, 0.5570353066952186, 0.34081625354900846, 1.71193597305569, 1.1322234534948068, 0.6033103443126828, 0.7674103930558033, 0.2594005150201272, 1.1781473899618558, 0.3645090059226096, 0.9106430904303435, 0.6494515731276398, 0.5498163658335742, 0.9941092059807123, 0.28406270685202323, 0.5510779547996582, 1.499423016759202, 0.6500546616039998, 0.36747540905131726, 0.611420961878678, 0.1335996870916363, 0.17677903699619194, 0.37472852789194516, 3.533025735879427, 0.8335033141341748, 0.5405731094063837, 0.5999862739549422, 0.6129898978876103, 0.43025591224588644, 0.3749675245745248, 0.18211025083380225, 0.27590230323475484, 1.1096375199903146, 0.07609378164727006, 0.40132033719209514, 0.6333315167922672, 0.06190990193841507, 0.5218317368913732, 0.952292046909364, 0.12226361068636833, 1.0555997377629935, 0.2974610405136494, 0.7031076097045031, 0.5118012150447034, 0.3519153057275196, 0.4468977333524317, 0.1291147562295803, 0.5414688429032417, 2.393204002279373, 0.8830700990187992, 0.5579859952424981, 0.3730630183701803, 0.44912402182321487, 0.8841419865819592, 1.6651419269595698, 0.09938710276157305, 0.679803447350389, 0.14755106548905667, 1.1658142082115872, 0.6022657631293403, 1.189931207714598, 0.5657733242769745, 0.6001620317532166, 0.27926590386422784, 0.16803930508365236, 0.5334795218758502, 0.3314614359336926, 0.3858442095587225, 0.840840154797431, 0.4525403003603412, 0.23349399157227738, 0.413634848728092, 0.7244227107350081, 0.4767123024344251, 0.8150945236988233, 0.37557745686887306, 0.015209874504995245, 0.13366705178515934, 0.8986990328424986, 0.7497162625334507, 0.6061800853018778, 0.7346864177519558, 0.9989609133407941, 0.523728934257215, 0.7597088484467437, 0.4926833822563912, 0.2591746072653771, 0.637784264880162, 0.340448788939395, 0.5116926327370801, 0.5025343221992806, 0.9686249290719898, 0.6998009570971683, 0.7256898678676778, 0.3770475956457677, 0.8562278446971252, 0.2483072625379707, 0.6015067973597799, 0.32606859219504086, 0.07709792799056593, 0.16688466619175554, 0.6543944008231193, 1.0949497698031474, 0.7413724155368064, 1.4019354190762925, 0.07996534553908721, 0.4176724365803703, 0.3739740489623131, 2.2393964301072273, 1.0909055120451856, 0.16463465267753127, 0.9478421773648886, 0.5744473581779878, 0.5478727580158617, 0.20083131002311436, 0.9435992779833041, 0.303661834313618, 0.7122365020785235, 0.0942310920934022, 0.40249593377894033, 0.44516632546634255, 0.11395002986710899, 0.3121384012342341, 1.8907546501048227, 0.6334000817629002, 0.9282454930826468, 0.3797054223282461, 0.6040250685881494, 0.3732650189134984, 0.5827200792100752, 0.5687194275168477, 0.4162540945318395, 1.0883745609774234, 0.4994830254180973, 0.7491146988375839, 0.47426784861111587, 1.1157667512050773, 0.3267662281423521, 2.184764806506802, 0.8142954449598396, 0.3437029818046721, 0.15797673988538766, 0.5226893747120964, 1.295465361571786, 1.1176253391196913, 0.34295697143941645, 0.34321340737579853, 0.5088627389903216, 0.49871827795523566, 0.4816745217073091, 1.211041713332979, 0.4328917758224742, 0.9409583445916532, 0.18839613055583582, 0.20576569513193482, 0.24501942566506657, 0.07289216315377872, 0.5575842620766107, 0.08916199044526578, 9.256869291676672, 0.5961346270469721, 0.5517011973184978, 0.20055888132588454, 0.9339542708614861, 0.6466525048591618, 0.3109027272456607, 3.786047745374023, 0.3987455392088255, 0.4817806025473079, 0.21124144992263744, 0.5153977039464959, 0.9020589963079945, 0.4363696588786319, 0.2503332577314144, 0.29427993986339485, 7.074770203519072, 0.1587678506407361, 0.08909402832516766, 0.16826269474951105, 0.35543308468139573, 1.1557737353174757, 0.3741736298300528, 0.7488894292286329, 0.8116223052801335, 0.833696308377263, 0.2715832669084365, 0.2026093804497992, 2.723118029763027, 0.5760463827455362, 0.8814240859468614, 0.73108380643095, 0.48193941200715823, 0.22868902532184357, 0.12159396802713938, 0.2704977898098814, 0.4028051497675547, 0.09298055050205241, 0.618883715456155, 0.11837105917524869, 0.45917876973755256, 0.42190774009606297, 0.4551620581214097, 0.06519115899192482, 0.8823971810081978, 0.3738947778773479, 0.24990970582146615, 0.675438795960558, 0.15311567859120273, 0.17791516144475097, 0.20303409089730506, 0.14851743952901358, 0.27805919940929164, 0.30642200910408196, 0.46154819854598966, 0.7788171338738018, 0.6630873170864254, 0.07027137354262894, 0.2775515168129092, 0.8977728229744375, 0.18425019347339172, 0.1462933455313302, 0.4650070334904091, 0.6339249780957168, 0.3770182918368093, 1.026493734339704, 0.9447345916986383, 0.47249531368500436, 0.6147865400667326, 0.7220658120495858, 1.478403935904785, 0.4869250587933638, 0.16250131747701915, 1.789880523175727, 0.6057821314885048, 0.5727343654931528, 0.035452538594457766, 0.4871683838687661, 0.07649476228942464, 0.1780474790946734, 0.3069106426236722, 1.4625052070817748, 0.7450247728208131, 2.2732954319996557, 0.6527566100770956, 1.2541575699864, 0.11561873228087292, 0.6966471716054118, 1.1626755583404622, 0.22037120728046228, 0.8907747622548579, 0.4971731647265356, 2.024620419734371, 0.0418218286298614, 0.8024768516029811, 1.152855831757586, 0.29189906122710535, 0.33843722728429265, 0.2086396401231887, 0.6378437355642845, 0.421860857046209, 1.2678898324694896, 0.419235896046916, 1.4646992626787683, 1.1801388709448277, 0.6109162905793692, 0.9097778878091879, 0.45398440804666995, 0.27446870133743734, 0.31064895281894034, 1.3844172196502993, 0.21319265070469076, 0.320455933435843, 0.6775388053525051, 0.4466565212270089, 0.20787400681308704, 1.0827254507600919, 0.7021011593575326, 0.29797356816389453, 0.3008235459454426, 0.3847671769513454, 0.49542895038022655, 0.3860066003452732, 0.27737705657868406, 0.361359722466901, 0.30527768959065993, 1.0772236456828856, 0.8382265701554321, 0.6344201231908747, 0.7229598942668689, 0.2776291597323127, 2.3011631561469783, 0.25110079905366256, 0.7092674918524556, 0.5171620486418671, 0.4995231186841217, 1.2830657622512571, 0.17008915296397537, 0.23152463176166022, 0.6611629902569568, 0.3629387017508206, 0.27910133015423005, 0.5987134075023204, 0.5908696293967387, 0.43433468372208944, 0.7229547972343823, 0.6721268029178482, 0.4220926463110296, 0.6513399525516583, 2.030763081679561, 1.009387507320573, 0.27533662972111145, 0.8777220765717229, 0.6006179291577366, 0.5875840763947404, 0.47671752720512994, 0.18086990979692544, 0.376577514061791, 0.05821714064138299, 0.673500440471939, 0.74102339977158, 0.5415764394014101, 0.33905305001181446, 0.14706262514959653, 0.9590087229445821, 0.28682927579577694, 0.40420028561572885, 0.41930648436686674, 0.706223815194927, 1.455375907361472, 0.67498973070045, 0.6091362378124588, 1.0569019525009962, 0.1824562924067536, 0.7501927845731593, 0.4793039735180086, 0.3963736526739466, 1.3236669730303743, 0.47001398873231215, 0.261058596173372, 0.45056246217533824, 0.31543887570757223, 0.7527911732371912, 0.4322213659513237, 0.7356116108055359, 1.2839265604199646, 0.6708712941998748, 