{"per_split": {"forget": {"prob": 0.6104833984375, "rouge": 0.32510614146857625, "truth_ratio_mean": 0.6060696326056112}, "retain": {"prob": 0.66333984375, "rouge": 0.5056565107244494, "truth": 0.4395324225970601}, "real_authors": {"prob": 0.702890647473576, "rouge": 0.8763333333333334, "truth": 0.8604480872701903}, "world_facts": {"prob": 0.6411678859855151, "rouge": 0.8746438746438746, "truth": 0.8414786664698385}}, "model_utility": 0.6727636254384735, "forget_truth_ratios": [0.23336946075986761, 0.44489531356890166, 0.9979373090585272, 0.7960078749896955, 0.6042740649268941, 0.26504908756088774, 1.0702563966936665, 0.6780441840369799, 0.3634768367664564, 0.29893842514527774, 0.7633662631417917, 0.6335372824307465, 0.26991617484852276, 0.8764963343083664, 0.7315840045568922, 0.24132697123212365, 0.6007641380880393, 0.4888698111849781, 0.5047700548017593, 0.5476830251002771, 0.4786633877383669, 0.49740693807977765, 0.886188369028205, 0.2744291640972687, 0.33066554420351113, 0.49522047065663366, 0.7105915509294118, 0.5785024929189002, 0.6632104197083413, 0.4305002054489412, 1.2228059903271111, 0.9841872590005939, 0.37454116503000595, 0.5009273269998619, 0.3491375622748069, 0.6502019055423116, 0.6476327787994223, 0.8223762508336905, 0.7916441012657537, 0.6315055596975873, 0.6559011670677676, 0.3593992146760129, 0.7674490863883956, 1.8304993009725687, 0.7029884341013448, 0.5494372932287817, 0.7300404054846406, 0.27631990536995643, 0.42267904340041995, 0.6967151004167436, 1.9361665562120256, 0.5579045857339759, 0.5664809713706797, 0.6890590949689395, 0.6009215463845581, 0.5539401344636149, 0.42297424598123706, 0.3132296908060731, 0.5715046908741831, 0.8686404954195237, 0.2713668383703818, 0.7954509170948324, 0.489839370311876, 0.15117116066220143, 0.9813867289953723, 0.8983327038143044, 0.4086577080126539, 1.247170826868367, 0.3395015007862962, 1.2128926416168233, 0.5474917718733207, 0.4462763465178329, 0.7923925404006589, 0.23458139599520267, 0.6542522878051477, 1.2004241776287428, 0.6585825230118544, 0.8997687457487609, 0.39296272361211526, 0.4006950875017732, 0.821423411218299, 1.3150276688533784, 0.3052645670869285, 0.9859077827913024, 0.41843614178684124, 0.8807739253544395, 0.5071801723107221, 1.090962743229096, 0.5564820869196296, 0.582801040135994, 0.38404212500099705, 0.36759845099796523, 0.621258196003534, 0.5703845376133894, 0.5269788164536452, 0.8743571270791967, 0.5520107712475566, 0.4007233944160743, 0.6112727156858168, 0.7038411861785083, 0.33515963344840227, 0.672648802567121, 0.5579883365541999, 0.06749433489161506, 0.5221902446781974, 0.6377758629215635, 0.6344412612009708, 0.5252509923885273, 0.42376466594242473, 0.9228889340038405, 0.6865428334792177, 0.803749910169875, 0.60883164870774, 0.3811331373140547, 0.6375133709632095, 0.6521869331554703, 0.6844831899990538, 0.3081657651976751, 0.7768166236629284, 0.74731422871949, 0.7223877208612929, 0.3697393344584018, 0.635979397533563, 0.3842814796465212, 0.7171252447938656, 0.7212875227938859, 0.07639894279643461, 0.33176149312019987, 0.7755093119237277, 1.1579119956335162, 0.7529220083875611, 1.1792476952150286, 0.2314267960217612, 0.4456689792044854, 0.6611466227896365, 1.0186724762251558, 0.8926691010148035, 0.44067287533243504, 1.10361086955455, 0.3718286636080579, 0.6726917961728898, 0.24583194550593432, 0.9680776271196609, 0.3863548837047517, 0.7516745171982064, 0.20679265340674138, 0.6220311368259769, 0.8567110021473612, 0.3013071609483871, 0.4356154630115662, 0.9598585502593903, 0.8128711569529903, 0.7049775932372476, 0.7742931718994641, 0.7212819824345443, 0.48072433936855224, 0.7239436334614588, 0.9879772730345663, 0.8983368058363403, 0.5466660464995571, 0.5754199862331522, 0.6701460178500072, 0.4307269071454597, 0.7558347815985765, 0.23206977657477665, 2.0812353370386276, 0.9417304663982912, 0.629615373954425, 0.367837139950145, 0.4791897382182821, 0.6381296896771783, 0.5983637616462195, 0.4488348566909518, 0.31173615287849965, 0.5150920338065192, 0.41443294950222587, 0.7254617000988316, 0.5681586341527946, 0.6547701670903837, 0.7599366500317332, 0.4559631805494734, 0.35820861498634093, 0.47954102494350026, 0.21688266634614634, 0.47810359949089465, 0.2106212187034226, 1.2323469773789233, 0.523622036189912, 0.38040083479219455, 0.217683088063935, 0.32581711236579225, 0.704449870127587, 0.7670204364783187, 1.089100608480102, 0.3189668636247115, 0.6081894471319842, 0.30807933026664036, 0.6283449951135263, 0.7299295155372497, 0.6703690752112181, 0.42457607116787727, 0.3544665108185458, 0.983874895830136, 0.34214490258644537, 0.17811599966395233, 0.2875159665792765, 0.4142846693509777, 1.195000825954844, 0.5304248754859563, 0.6743626223219339, 0.5599283939955413, 0.637005560319128, 0.4962894003410505, 0.43294011035788765, 1.2275331327007624, 0.5430972273608132, 0.6545313187777625, 0.48577614531371366, 0.33908551889461924, 0.3716766986065452, 0.15823344346265986, 0.5245878896676327, 0.6350310118029113, 0.24897034097710594, 0.6031450069645488, 0.20233888325581662, 0.6716816454140975, 0.6339686544692329, 0.7863291398631529, 0.15899735765317227, 0.7235688961480535, 0.3620082024404566, 0.3508935129849808, 0.6614369709069141, 0.20945028214848901, 0.2985246596150268, 0.2976206299226794, 0.34382410435681127, 0.41288538436405287, 0.36618180361959735, 0.542600919360207, 0.6090780915261012, 0.6823141576787173, 0.1803455078512563, 0.34600378593003706, 0.9306336330149627, 0.2925541797568006, 0.39581152689554405, 0.55772826987267, 0.656353310824349, 0.5165557895070899, 0.7721864878043946, 0.7346330811751178, 0.3668690729685032, 0.6735006813392385, 0.6978142450194584, 1.1785784802923378, 0.452494262511663, 0.45762538952376486, 0.9603561897517872, 0.44809402298582585, 0.4780236193306943, 0.1490513929349004, 0.6293506402875045, 0.16700659772146254, 0.35838242208223864, 0.4438451133283699, 0.6338779278479392, 0.588581597508209, 0.7414646775526087, 0.5931471947793496, 0.9720020747871829, 0.2637735679170062, 0.7681254710673902, 0.7971764309672933, 0.455223170458318, 0.791862429258555, 0.3450967457318763, 1.1332181653706153, 0.12648287045538675, 0.6954398147851936, 0.9554470565790278, 0.6257087913063636, 0.4366585972188133, 0.35098952046044946, 0.6043616349005367, 0.6726862055995156, 0.8254431036048175, 0.7687970185875314, 0.7288441999150769, 0.827637734083799, 0.6917065451968851, 0.7196571454517489, 0.5958934449962721, 0.5612195544175949, 0.5628213505179266, 0.6581663451866644, 0.4610636888550992, 0.6825440676431119, 0.6500822130682663, 0.5368958031758937, 0.23395730456036293, 0.7837335157025308, 0.6715735266072307, 0.5385280079214514, 0.277860641369124, 0.7626708471106822, 0.5696020516231044, 0.6405022362786222, 0.33467413244352756, 0.5424465458497812, 0.5953265387029394, 0.9263226489475627, 0.8505973130147492, 0.7040717370254498, 0.3808084250169187, 0.4110261339598683, 0.8948675168946034, 0.39436402975170787, 0.6528729128074133, 0.7789873187918726, 0.8186589373270609, 0.9538217208720627, 0.22618455929837758, 0.3685577071657161, 1.0985615079676445, 0.7145981282621402, 0.463281187952239, 0.76177550351233, 0.606030036024814, 0.4204520084053976, 0.8281829732253536, 0.6721186067875974, 0.28859724268509584, 0.5378043653460481, 1.1968845830420909, 0.752714535830072, 0.5117245081148795, 0.49074650110867557, 0.7370811128824958, 0.6305531619105931, 0.5765418340367906, 0.7544975408088446, 0.5861603366892961, 0.22551303651628035, 0.6056217708769542, 0.6679303722106946, 0.7688662172273157, 0.45869162308784, 0.28946225335064585, 0.5995939793368056, 0.5533445512664348, 0.8054572122241037, 0.543883051601269, 0.6336661513550443, 0.63001343197705, 0.6065193348137466, 0.5033942309183937, 0.5774271807808535, 0.3344081285452148, 0.5314508013027979, 0.39194534029826783, 0.5312013648306136, 1.1064546735110221, 0.6627932750665029, 0.35228761885650994, 0.656446153066205, 0.47055217982137343, 1.0390805484080208, 0.40105886013755826, 0.638166994927327, 0.6533049389918602, 0.5996929544249402, 0.8087486844674033, 