{
  "name": "tofu_unlearn_gradient_difference_forget10_lora",
  "strategy": "LoRA (grad-diff)",
  "model_utility": 0.5597951564699924,
  "forget_quality": 8.969123776103959e-23,
  "forget_quality_log10": -22.04724998257357,
  "ks_statistic": 0.35500000000000004
}