{
  "name": "tofu_unlearn_self_distill_forget10_self_distill",
  "strategy": "Self-Distillation",
  "model_utility": 0.7393390707783646,
  "forget_quality": 4.2615726229002236e-23,
  "forget_quality_log10": -22.370430106199187,
  "ks_statistic": 0.3575
}