{
  "tofu_unlearn_gradient_difference_forget10_lora_attn": 0.002630012531328321,
  "relearn_tofu_unlearn_gradient_difference_forget10_lora_attn_ep1": 0.5503127040383132,
  "relearn_tofu_unlearn_gradient_difference_forget10_lora_attn_ep2": 0.6141191286365973,
  "relearn_tofu_unlearn_gradient_difference_forget10_lora_attn_ep4": 0.609023348443794,
  "tofu_unlearn_gradient_difference_forget10_lora_updown": 0.1657189251992983,
  "relearn_tofu_unlearn_gradient_difference_forget10_lora_updown_ep1": 0.5280128875293086,
  "relearn_tofu_unlearn_gradient_difference_forget10_lora_updown_ep2": 0.5255723453887097,
  "relearn_tofu_unlearn_gradient_difference_forget10_lora_updown_ep4": 0.6679342452935252,
  "tofu_unlearn_gradient_difference_forget10_lora_mlp": 0.13734537114418327,
  "relearn_tofu_unlearn_gradient_difference_forget10_lora_mlp_ep1": 0.5095103391248714,
  "relearn_tofu_unlearn_gradient_difference_forget10_lora_mlp_ep2": 0.5449024024948208,
  "relearn_tofu_unlearn_gradient_difference_forget10_lora_mlp_ep4": 0.6441958134765348,
  "tofu_unlearn_gradient_difference_forget10_lora_all": 0.03891187946030093,
  "relearn_tofu_unlearn_gradient_difference_forget10_lora_all_ep1": 0.38574993940884844,
  "relearn_tofu_unlearn_gradient_difference_forget10_lora_all_ep2": 0.4424038234040804,
  "relearn_tofu_unlearn_gradient_difference_forget10_lora_all_ep4": 0.49131249267134064,
  "tofu_unlearn_gradient_difference_forget10": 0.0069767441860465115,
  "relearn_tofu_unlearn_gradient_difference_forget10_ep1": 0.2494642286843825,
  "relearn_tofu_unlearn_gradient_difference_forget10_ep2": 0.3318083354813801,
  "relearn_tofu_unlearn_gradient_difference_forget10_ep4": 0.3333196944198139
}