{
  "tofu_unlearn_gradient_difference_forget10": 0.0069767441860465115,
  "relearn_tofu_unlearn_gradient_difference_forget10_ep1": 0.243488088762572,
  "relearn_tofu_unlearn_gradient_difference_forget10_ep2": 0.32722701258939657,
  "relearn_tofu_unlearn_gradient_difference_forget10_ep4": 0.3336020428999424
}