{
  "per_split": {
    "forget": {
      "prob": 0.777333984375,
      "rouge": 0.9147718972194916,
      "truth_ratio_mean": 0.5778475692406032
    },
    "retain": {
      "prob": 0.760517578125,
      "rouge": 0.9635030417376682,
      "truth": 0.45596507661605234
    },
    "real_authors": {
      "prob": 0.6675374313036219,
      "rouge": 0.9279999999999999,
      "truth": 0.8367954773627869
    },
    "world_facts": {
      "prob": 0.5745006769454486,
      "rouge": 0.8931623931623932,
      "truth": 0.7914368163809452
    }
  },
  "model_utility": 0.7234510059583291,
  "forget_truth_ratios": [
    0.2581764934628377,
    0.6051324513590005,
    0.908673373807397,
    0.6355177643430329,
    0.5461393790419643,
    0.2841726098455627,
    1.0714793500329274,
    0.6869612009870957,
    0.29642089501105157,
    0.3019954923999662,
    0.7605238933224683,
    0.5263647780620454,
    0.18821672879797888,
    0.8961414670485495,
    0.6715277310142187,
    0.22281901625963685,
    0.6104342089855382,
    0.5449123654786369,
    0.5011068970171427,
    0.5798281946029835,
    0.47457367053961974,
    0.3788258224372465,
    0.8441245229462312,
    0.3064997518620439,
    0.21286637065713657,
    0.517672674786857,
    0.6770069765656502,
    0.6509606279591641,
    0.6312603771025693,
    0.398271441217862,
    1.802290110508497,
    1.0211699615922056,
    0.3142347053310798,
    0.44415983776052514,
    0.29664481792568964,
    0.6364346371520851,
    0.5405698124283104,
    0.8316512892456819,
    0.8106275416866219,
    0.7162658590666,
    0.6366728678433488,
    0.33856690086051044,
    0.6038936139109891,
    2.127192509020752,
    0.586444834196497,
    0.4451428507196115,
    0.6092537073721228,
    0.2349307424401927,
    0.37440029589581403,
    0.5693449387298937,
    2.658691940484381,
    0.5890873537057694,
    0.4640011805543039,
    0.4503290666586592,
    0.55751545763422,
    0.5003258494866565,
    0.2907625811673997,
    0.2811915121731013,
    0.600910227503292,
    1.084315074242358,
    0.13904388897344064,
    0.6571783105904647,
    0.4303815148047252,
    0.12517822830089884,
    0.8332332533243304,
    0.7628111560216455,
    0.28203224090716766,
    1.067364801923204,
    0.2878199744583346,
    1.776846386901164,
    0.5095687284020778,
    0.32934496560977466,
    0.9857560541086006,
    0.1623727758258773,
    0.6100386590320469,
    1.3731841338574007,
    0.638199862553462,
    0.9711998008522255,
    0.4189597420913541,
    0.3141087416621802,
    0.8170984328492834,
    1.6201734662791127,
    0.20601587447223205,
    0.941206993746582,
    0.2685114368912791,
    0.916333153635937,
    0.534363189525916,
    1.408109888755289,
    0.48744678971980065,
    0.7181736620024414,
    0.3515562801572349,
    0.21997838295442362,
    0.5930442706232534,
    0.4704769942668128,
    0.49969130540343215,
    0.884194917594293,
    0.49304002313242934,
    0.28217826105413324,
    0.610441237428121,
    0.7036863548402301,
    0.34505564781912446,
    0.9161789769494514,
    0.4437482624763015,
    0.020033096250479814,
    0.36564068459937177,
    0.6817778354255712,
    0.8183141787408819,
    0.45302269205573414,
    0.3605235951810171,
    0.9729098984904299,
    0.7845855032793265,
    0.8601417036826609,
    0.5473012018788818,
    0.2883195000750049,
    0.6371780163480467,
    0.7100245730170841,
    0.6256776630469948,
    0.3318625067127976,
    0.7895994036419274,
    0.691909594355833,
    0.6765523406766073,
    0.36575139156316683,
    0.4871133692260329,
    0.28685420416606705,
    0.5920799042254438,
    0.6763135077614452,
    0.08621315170668611,
    0.2698344443924353,
    0.7305692665978242,
    1.209215828099286,
    0.6343869516216266,
    1.4822207892587829,
    0.16334195469644863,
    0.437421030433257,
    0.5562588055731585,
    0.9135022563389606,
    0.6372656522612891,
    0.3610883759496358,
    1.082994618990662,
    0.23807153897373118,
    0.6457165840553862,
    0.24409020288054717,
    0.8618304733467298,
    0.28168005981004346,
    0.7747883329658578,
    0.14318619541928973,
    0.5325613406355263,
    0.8662077849974912,
    0.2629878439530263,
    0.5836678932585216,
    0.7962235050581283,
    0.7369944269198166,
    0.6000917380604281,
    0.521720508960512,
    0.6627252513228372,
    0.42469762006366446,
    0.6556348508040509,
    0.8756072209825596,
    0.8547039441611438,
    0.578789242121747,
    0.5699914094266079,
    0.5942652465475469,
    0.44377294248202404,
    0.6621362235652548,
    0.15412212471371747,
    2.5398261126053714,
    0.9711452585815532,
    0.5007153080752104,
    0.24230100874444122,
    0.4314285817191036,
    0.6229726118958995,
    0.7774166992205175,
    0.3534917794690061,
    0.2631919681198779,
    0.48293104091026845,
    0.30600187829380143,
    0.6025787586751689,
    0.4641371093471502,
    0.6089526848261718,
    0.6864181872769419,
    0.35518695583812376,
    0.3457397750596729,
    0.3490574347334281,
    0.0990672394780204,
    0.42739565345531777,
    0.1355593299833348,
    1.6390528596726681,
    0.4653235869824039,
    0.30771287963003147,
    0.1489509987372266,
    0.49070544798362226,
    0.6904410946347428,
    0.4536001453092233,
    1.348256547441694,
    0.30555392681770616,
    0.4970811654082704,
    0.2312803643849728,
    0.5339773419492307,
    1.0470611533306364,
    0.5681505053607342,
    0.39557477758911125,
    0.32730758991654707,
    1.257022031049362,
    0.2565946186648417,
    0.1515558271791346,
    0.21957708926540112,
    0.3879764876628085,
    1.1435325808936527,
    0.4199684320228835,
    0.7117435257508824,
    0.44709652257281207,
    0.703669118219449,
    0.45161202723718213,
    0.23432345604018098,
    1.1601877811339827,
    0.623228332835564,
    0.6483716492712027,
    0.40516149894012177,
    0.4106995620158377,
    0.31174102628567546,
    0.19144915366625442,
    0.40251466054524243,
    0.6477976064293153,
    0.1532579064304299,
    0.5451835137728402,
    0.1977031060826321,
    0.6107239429991627,
    0.45554367787590144,
    0.7377312539973636,
    0.07664396509260413,
    0.7327726189973154,
    0.3014947271714797,
    0.26191516819574384,
    0.6754873686915047,
    0.14225478851961673,
    0.28225979957261577,
    0.22320835310926468,
    0.27939935212626926,
    0.28590905137810474,
    0.2917942062537229,
    0.5496514090335136,
    0.5215786917933112,
    0.5808989370167631,
    0.11496096115462631,
    0.32256870361998574,
    0.902131411312733,
    0.24987094632703608,
    0.24537520506134533,
    0.452274560710106,
    0.5934317203904189,
    0.36080289515944663,
    0.5756384036840947,
    0.7118856775917092,
    0.41453330520429277,
    0.5247909328001419,
    0.5413871660564823,
    1.1803745116038364,
    0.28028968488368794,
    0.2708313870243964,
    0.9859420417200933,
    0.526739019266403,
    0.4380777195102431,
    0.08035353907957742,
    0.6171675988464992,
    0.14747487347754382,
    0.2552341226664707,
    0.44234805876776445,
    0.6928366641725483,
    0.5212187576590689,
    0.7086358059403393,
    0.5271936188116059,
    1.1107083173680743,
    0.1949798645747331,
    0.7496170089526962,
    0.658144407264353,
    0.30904783860890167,
    0.6573750932691561,
    0.37805537915179677,
    1.4536370950676631,
    0.08021299885543583,
    0.7586511636517005,
    0.9122442171280012,
    0.5653860890146728,
    0.4038854544127727,
    0.26499416102092643,
    0.4054425923864577,
    0.5858374590515584,
    1.3007357865847853,
    0.6843275864423806,
    0.7624266570765612,
    0.7821349156119345,
    0.6313672852560606,
    0.6886068834009038,
    0.4965922162155125,
    0.47087186143275767,
    0.4906655781869549,
    0.8280209630518454,
    0.398064761475342,
    0.4383993989510103,
    0.5487591343331402,
    0.5484093157739325,
    0.1899977981683285,
    0.7668362504125658,
    0.5866351568106984,
    0.3682612839845862,
    0.20721652083033684,
