{
  "per_split": {
    "forget": {
      "prob": 0.658134765625,
      "rouge": 0.007677493618351089,
      "truth_ratio_mean": 0.6135091944036297
    },
    "retain": {
      "prob": 0.754228515625,
      "rouge": 0.3267928867110201,
      "truth": 0.4334571296825608
    },
    "real_authors": {
      "prob": 0.5712997776066302,
      "rouge": 0.06666666666666667,
      "truth": 0.7531139329415751
    },
    "world_facts": {
      "prob": 0.5106324022497121,
      "rouge": 0.2635327635327635,
      "truth": 0.7146681708999314
    }
  },
  "model_utility": 0.28192530222942497,
  "forget_truth_ratios": [
    0.3253665734442352,
    0.42034049099837056,
    1.0248142589952456,
    0.7477815923248848,
    0.5642210983891959,
    0.24656955480403878,
    1.2255102721061317,
    0.6566335138517613,
    0.38601752587378835,
    0.284911740988044,
    0.8408829747806866,
    0.5439782473182935,
    0.24798859974044987,
    0.8571214485578617,
    0.6554282107162318,
    0.25563861061112597,
    0.6347499533130907,
    0.6526663337382499,
    0.4869439446957428,
    0.6366805043304927,
    0.4706382244474823,
    0.41521885351417775,
    0.8016692858087265,
    0.25579532678713296,
    0.22940554166960864,
    0.6201027473138792,
    0.7558409611177572,
    0.8893386200670346,
    0.836439486435145,
    0.4927108508298879,
    1.4586722318743477,
    1.054626463207063,
    0.4587807053594281,
    0.5026684833972555,
    0.3877174655329209,
    0.691127558207895,
    0.4661490654686251,
    0.8619635520435424,
    0.7666070235980531,
    0.9413376972254911,
    0.7198088171830433,
    0.2947354153169197,
    0.6602878888342396,
    1.8602861772089452,
    0.5569749033164736,
    0.4519709941958896,
    0.5439305446264305,
    0.24863993706275153,
    0.35415192203281814,
    0.6293598687244052,
    2.2338141336750708,
    0.6852208699587197,
    0.48871558266541865,
    0.5655418356004583,
    0.5403317789093702,
    0.5028409654285877,
    0.415832133367531,
    0.31898314358759183,
    0.6094802837275767,
    1.003294722136414,
    0.18976263406801488,
    0.6958304621467192,
    0.4874257441361898,
    0.1612951238705024,
    0.9711752771243173,
    0.9041631276736074,
    0.38194464588905513,
    1.1531314174909648,
    0.2740711444602302,
    1.224309244008313,
    0.5513659025345897,
    0.426539498491176,
    1.2297777499672038,
    0.22301578809408276,
    0.5922537725868998,
    1.3769376212807505,
    0.7088862774195139,
    0.8485668510999542,
    0.40254114711761024,
    0.3608516561124497,
    0.8134936419470753,
    1.8551863926953973,
    0.23905861589074462,
    0.9558635133009826,
    0.2672100261204899,
    0.9113473059757391,
    0.6142591987599727,
    1.2265516174147642,
    0.5001494089516259,
    0.5627264280065314,
    0.42296237626474,
    0.3057803948633411,
    0.665336263371886,
    0.4998061757842529,
    0.6034050201913131,
    0.9713854689590632,
    0.5643242661289565,
    0.3169153847048385,
    0.5853420355411999,
    0.6607147889096862,
    0.41526721687592855,
    0.6652851314793528,
    0.5226461570697211,
    0.06376107488555419,
    0.41615947954538834,
    0.7861286635807014,
    0.8315073145681878,
    0.5115719129592888,
    0.5217343071672239,
    0.8756855212293886,
    0.7080113609432223,
    1.1649152999125536,
    0.6768066798216655,
    0.3432679534784128,
    0.6336049610677978,
    0.7179005496714167,
    0.6430192915181977,
    0.3243602840021898,
    0.870741477333453,
    0.8713928765494644,
    0.7368254544966789,
    0.4580341466954038,
    0.7356429641952348,
    0.33343759971162906,
    0.5842868051545881,
    0.6275388109541884,
    0.10078082801161274,
    0.2957611702311157,
    0.7780408408125822,
    1.087629032032299,
    0.8679527096990262,
    1.4851699734336152,
    0.18221173073244912,
    0.47699250085349165,
    0.520696470775584,
    0.9622619330394294,
    0.8027805856217495,
    0.5155208928235322,
    1.0287165268329663,
    0.2901711115796803,
    0.6146002718923382,
    0.2593047719138331,
    0.971621960812818,
    0.3252307884999446,
    0.7218825902065087,
    0.17902139929081226,
    0.5451970283289299,
    0.8365637477792405,
    0.35932998175875486,
    0.4558215908236531,
    0.970200368910368,
    0.724621452150199,
    0.7572565078628963,
    0.6646870940998506,
    0.7065009583448723,
    0.5192605999648227,
    0.70051582444142,
    1.0152225030999629,
    0.8923440562423192,
    0.8263417187558296,
    0.7032695332537354,
    0.7626436545271946,
    0.5162669434301992,
    0.7706722654716479,
    0.18926095828989978,
    1.7685435015751008,
    0.9177847448582821,
    0.6132444815923404,
    0.2806794050043741,
    0.49401888892867735,
    0.7481723757692563,
    0.7053232952609793,
    0.3859462659185108,
    0.2711271441325182,
    0.4919187183244961,
    0.4007335908476056,
    0.6619747342749649,
    0.5989330230940181,
    0.6247790526387497,
    0.7612752893584914,
    0.35718465711390335,
    0.485112954894783,
    0.4410966717425713,
    0.10784506891088261,
    0.6099120455078604,
    0.1628075451623697,
    1.6319968844065427,
    0.5056019607758235,
    0.37020613658799806,
    0.16731460208252022,
    0.3569935723668783,
    0.7246524567279486,
    0.5280807862144676,
    1.1192710113166056,
    0.2752026082714443,
    0.5696783419756554,
    0.22455197302975038,
    0.5678984813898745,
    1.3999148027581352,
    0.5740912255907156,
    0.4642606117178607,
    0.40664084268343714,
    1.384373964960065,
    0.25759416988073014,
    0.1494530048041044,
    0.26722738596676127,
    0.31055670329482443,
    1.1640113821101428,
    0.4800522609930237,
    0.7657954133815722,
    0.49044802269802834,
    0.6982615718981116,
    0.47460534251304004,
    0.23423551339430979,
    1.2226071211898693,
    0.6905319278894573,
    0.6544647854392757,
    0.4123881480365012,
    0.48468237341954024,
    0.34871147030005456,
    0.2786854754878453,
    0.4344137394214004,
    0.6222703379220499,
    0.1607279050558855,
    0.6687214078663368,
    0.22842303523208898,
    0.6840710880139764,
    0.4457850389717206,
    0.6815805703251567,
    0.11458088577617825,
    0.782943298895299,
    0.3728932285842448,
    0.31376002187128404,
    0.7283615449634292,
    0.19476403014784502,
    0.4827457426876654,
    0.3548408546757518,
    0.37314004099878006,
    0.38969176408968653,
    0.3593775675880168,
    0.5330913977764711,
    0.6526566899216485,
    0.6050508063846188,
    0.14923985899325903,
    0.3862941142652972,
    0.9054061512161287,
    0.24398351845169197,
    0.4090613874385099,
    0.5649596406645921,
    0.6384133153791408,
    0.5027033719700841,
    0.6040962733948545,
    0.7136995453239395,
    0.45538135227736437,
    0.5522531825592266,
    0.7456076710564845,
    1.500182827997061,
    0.5509812531781909,
    0.3658416847302026,
    1.226509652659463,
    0.5146810059988692,
    0.6566276194096362,
    0.0999614456909771,
    0.5218246467280048,
    0.13983805806361524,
    0.3480354574456551,
    0.45324817988491295,
    0.6025631760090077,
    0.5514914564527389,
    0.7500002882272264,
    0.5472352506449294,
    0.959153389115118,
    0.20949490799898215,
    0.7824954878009543,
    0.9012644284900841,
    0.4670539896908155,
    0.7735215740812447,
    0.3822496650379572,
    1.7347270495338203,
    0.10727486350396137,
    0.7135502579786969,
    0.800959068648363,
    0.7962254397573474,
    0.45142178400127314,
    0.28143519420268825,
    0.4299511701965183,
    0.7062548216174912,
    1.1395221224353909,
    0.7493784703449704,
    0.9485181954810855,
    0.7736690752446284,
    0.7090174406155426,
    0.8176951866260296,
    0.589614943870202,
    0.5887169758324587,
    0.5046137106147871,
    0.7825024574516789,
    0.5347980855324054,
    0.6582213445872043,
    0.5213841529710614,
    0.49740885778361066,
    0.19694531035625434,
    0.7231469954682296,
    0.5622278496467021,
    0.4238139927867091,
    0.262369461661637,
