{
  "per_split": {
    "forget": {
      "prob": 0.00023860838166591403,
      "rouge": 0.0010922971606067955,
      "truth_ratio_mean": 605572508225.9368
    },
    "retain": {
      "prob": 0.003270591838988205,
      "rouge": 0.030278801854125795,
      "truth": 0.5873815893352703
    },
    "real_authors": {
      "prob": 0.5041645296118855,
      "rouge": 0.2366666666666667,
      "truth": 0.6823103191901585
    },
    "world_facts": {
      "prob": 0.5012695935326033,
      "rouge": 0.6730769230769231,
      "truth": 0.7076333922948608
    }
  },
  "model_utility": 0.025491982101103483,
  "forget_truth_ratios": [
    810.9668115572094,
    2.0185174572992057,
    0.11054335673325887,
    1.2222477445993114,
    0.904198198786011,
    0.4058720414757752,
    7.389566441217275,
    73.85046852834066,
    1.2200288982268477,
    0.816233938197315,
    0.9060924613637321,
    1.6520005927367307,
    3.6636822780600977,
    1.2258414981337407,
    0.9994083683952458,
    1.2201295003563253,
    5.459516580835501,
    1.2203392181479933,
    6.027925366030039,
    7.367274246055816,
    0.14949192653747292,
    2.226340740381972,
    0.31608333412605044,
    73356.12092711886,
    1.6866228206814653,
    0.028663997428765835,
    0.49839512825564164,
    545.3707367503338,
    0.00012651410219984712,
    0.04090302151897992,
    195.0976105273161,
    0.10054390899643596,
    0.4716079800299782,
    0.0013641219816404504,
    0.07071840519966079,
    2.1680471034582207,
    8.276196388606094e-05,
    0.023617459455478853,
    0.157265601372895,
    7.020678284037864,
    47.09561365793703,
    2.226823433570733,
    0.9503426933379768,
    0.7426615529710316,
    0.2722221272919094,
    0.0012907276395356252,
    0.3324112281033468,
    0.901804300348805,
    1.4942355810457648,
    3.6745122471722436,
    8.146177257036902,
    2.451539317082068,
    17.31584708355043,
    0.008213950139228937,
    1.2207961579180884,
    2.7185446688272425,
    0.04278126599125907,
    1.1045059709726632,
    1.3479158225739565,
    156.10780106531354,
    1.521519715548752,
    0.2233534836923914,
    23.316674531547722,
    2.2224156261222405,
    1.1931221476840488,
    2401450584.6832848,
    0.04523171325936584,
    3.1997134357667636e-05,
    491.8864518579366,
    0.0007440858624341418,
    0.3161381508355383,
    4.256251459396172,
    0.9037163773619866,
    0.055177978137310874,
    200.38002134937793,
    0.9492548600619737,
    0.00020359564234905968,
    1.1059603920585876,
    0.00010614403839078848,
    0.01353793670297439,
    0.9991409195874476,
    1.4891366870381717,
    1.1079675014279675,
    0.817880281391325,
    1.3483940076880807,
    2.4609027669040016,
    3.666250529255297,
    1.2205074170726455,
    1.2190993639686818,
    3.3144765708427033,
    1.2203775026868142,
    2.0038231159807727,
    0.40588121185653725,
    1.3495878723597081,
    2.0164002323786496,
    1.0026176264785391,
    0.22289295185352334,
    1.221654376453376,
    4.482054909200074,
    0.4962658999067154,
    0.10049154827171311,
    1.1052333834993315,
    0.23470531414404683,
    214574554475206.2,
    0.5476621679633951,
    0.8203141595633617,
    0.09057491119125945,
    73.41289364452832,
    0.8189601214673419,
    18.17188559719397,
    2.463663010558383,
    0.18194715709413653,
    6.05399138661186,
    0.005811322078459199,
    0.035182651977435524,
    0.00010607059621703789,
    0.0048716582813696455,
    0.09075610807081914,
    4.471506434346546,
    1.049009293564059,
    0.04516305903212932,
    0.5495109441641185,
    1.3484396442948021,
    1.1046507064772668,
    2.0142387432586415,
    0.12265125892434416,
    27652047133683.32,
    2.4603414194812068,
    0.49458234006377416,
    0.7393189208895372,
    6.0681360759525385,
    1.6485444423947542,
    0.3013295364681331,
    1.3509826885338458,
    0.6074300265399797,
    13.448187026520477,
    0.9050293855199119,
    27.013876467574278,
    9.036323807015945,
    36.516351502954585,
    0.23437062912412315,
    0.040827672386166663,
    3.000367764224609,
    0.11638147754276311,
    1.1306127635340228,
    0.01926049560417538,
    2.845472320775218,
    38.6045020619988,
    2.231744438021938,
    0.00045263839862625456,
    0.6673100870754797,
    0.15683177136806764,
    0.36818872639587863,
    1.4941587700470524,
    0.4979338904847823,
    0.0005246384895130921,
    0.3681765742393869,
    0.4506789984233021,
    0.016608329275048003,
    0.13196860683746142,
    3464.62144206722,
    1.3498007656675475,
    3.0100534480049568,
    0.9073046707721525,
    20.089506223748533,
    0.02741819296571214,
    0.44853150513185197,
    0.9041161268236493,
    5.483083375821887,
    2.7136429715602923,
    0.9043010176625941,
    0.8188165938319784,
    0.3331016968132253,
    13.496580143178369,
    1.2190993639686818,
    9.026395847243474,
    0.6699501737675198,
    0.99950257095238,
    1.105833402827354,
    0.7419568504251502,
    0.3332545915525104,
    1.1074292643834418,
    1.8183246072567694,
    18.186993370250452,
    0.04973016732984448,
    60.45280123072976,
    0.11080441464886165,
    0.8178875856250871,
    1.5728675228945397,
    0.9544516029364238,
    7.396993020512448,
    0.9025274041166493,
    1.4880691181926875,
    0.4963487143496073,
    0.5480432625898859,
    1.2202772778042636,
    2.007427589955625,
    16.427356750000676,
    0.22296072769693337,
    0.2463474420153203,
    24.556975515436278,
    0.9517027317779179,
    0.5489096503502504,
    190.16004864315332,
    0.006724396395704505,
    0.08219062552044802,
    6.060523832688406,
    736.8321827926569,
    1.1070242223868378,
    15.656791469936756,
    0.5493025675901934,
    0.5472781190889723,
    13.52362883608726,
    60.34158568352014,
    0.3325088556666342,
    0.2465158969922791,
    0.49565399157486856,
    0.8626633824903531,
    0.259210172092086,
    0.018342715966044313,
    5.1333704224871015,
    2.232344577528462,
    34.88129886078966,
    4.2589513435686595,
    0.40630246702318507,
    20.06705495566562,
    36.64107374315088,
    0.3020675047694243,
    5.457546266865633,
    0.5495610744074488,
    0.19195849456723152,
    0.13542267743959308,
    0.08184424832565267,
    0.18231932732244285,
    0.20218962816733352,
    0.22370956375409917,
    1.826547437217664,
    3.67072345604985,
    0.7412701817090119,
    0.8175921170370721,
    1.644289697778667,
    3.314372577989658,
    0.47157806441934225,
    0.4723960324121068,
    0.7430506283137004,
    0.9999999999999933,
    0.3325738979043267,
    0.030302706769633054,
    0.10014788983962991,
    1.6490639885230143,
    0.1733818405423296,
    2.464329644505755,
    11.029372091746335,
    0.2462283379262892,
    0.9064787620595196,
    28.509593068105538,
    89.67634551040928,
    0.06713590502947943,
    4.051947400439391,
    0.0012959640668182197,
    0.2729979407667641,
    1.824027178671031,
    813.2342026135951,
    0.3508326456787829,
    634.2922104728955,
    2.4545118077117434,
    140.9048434539347,
    0.03884206628127061,
    2.7208679773000193,
    4.0462128569683244,
    0.030194911476055047,
    2.2217949865280096,
    284.71353106986254,
    0.952202651206364,
    0.7400503322999055,
    1897.918983062369,
    9.947438680816584,
    2.2702645008009528e-07,
    1.4951280799033488,
    9.019988443059423,
    0.3168174649672211,
    0.605986080892618,
    24.535501923655005,
    33.039759614245064,
    120429.72603337157,
    1.1068273582169146,
    0.11674218588979025,
    148.50705553749722,
    0.05507179559219017,
    2.220633866206675,
    0.11080969835115513,
    0.08210568649011234,
    1.0512649170740358,
    0.01575403318131404,
    57.53524138683558,
    0.34987937708204436,
    66.6297433006828,
    0.7037971873263723,
    0.20209659146935502,
    2.853180758239351,
    3128.2523968418313,
    0.011103362313784166,
    0.11091106410897786,
    0.15729726603228364,
    0.7394550815011814,
