{
  "per_split": {
    "forget": {
      "prob": 0.11068389892578125,
      "rouge": 0.2972671396032013,
      "truth_ratio_mean": 0.912004658805551
    },
    "retain": {
      "prob": 0.750458984375,
      "rouge": 0.5349728434481015,
      "truth": 0.46530756643089044
    },
    "real_authors": {
      "prob": 0.66468065425201,
      "rouge": 0.7026666666666667,
      "truth": 0.8307155918176289
    },
    "world_facts": {
      "prob": 0.5699394198848123,
      "rouge": 0.8269230769230769,
      "truth": 0.7997115017700591
    }
  },
  "model_utility": 0.657096101872971,
  "forget_truth_ratios": [
    0.9683096503121692,
    0.9920472256995149,
    1.6218697793502244,
    1.0358174478510533,
    0.7630336118754864,
    1.4147228940736605,
    1.0813595027637115,
    1.1317037735581084,
    0.6593753791323738,
    0.41319790213865004,
    1.0800973616902168,
    1.0085633101292355,
    0.21101620020337025,
    1.1680732749232046,
    1.1248161246013337,
    0.23744829189802086,
    0.7749021524044003,
    0.6905295477636263,
    0.43463076123878414,
    1.3367923014418952,
    1.0439218584395715,
    0.8017436556345651,
    0.8120004368652537,
    1.0411577285437201,
    0.3560614228896094,
    0.5498527450124823,
    0.7928583988605427,
    0.9439278092173742,
    0.6073662148444661,
    0.5797508895278342,
    1.6993252907308278,
    1.2010467244973844,
    0.6563028803946155,
    0.5225455038839747,
    0.2993772326509679,
    1.0438115095508194,
    0.6482301808092972,
    0.8730204569028118,
    0.9530573081499856,
    0.638673308460631,
    0.7548446156688279,
    1.137401584246012,
    1.0388898466312,
    2.2853513840155797,
    0.8329698306479055,
    0.5599704991377635,
    0.6232418624333134,
    0.2797667540787793,
    0.37668203578436144,
    0.6303835995324646,
    3.2915218329940448,
    0.7203448695099066,
    1.324306450434972,
    0.6228584011647987,
    0.6079668212526751,
    0.513950242532995,
    0.42483291614025787,
    0.3574025979870671,
    0.9802163996246794,
    0.9956424810217176,
    0.38877990975453286,
    1.0503668680199674,
    1.1310899096559797,
    0.9208686672900372,
    1.1125242655856729,
    1.2176061962811637,
    1.72722400063805,
    1.7196826667012677,
    1.9276081464672983,
    1.7449438760950466,
    0.7742545510907026,
    0.7383150214113134,
    1.2899197481438156,
    0.9685958702620714,
    0.8805008370489404,
    2.6364784839824287,
    0.5897269559335301,
    0.9176044275517785,
    0.3840566756512695,
    0.9411435454446159,
    1.206547414381168,
    1.850562184269111,
    1.940363411198318,
    1.0481087103847977,
    0.9247446166694087,
    1.1282098701592593,
    0.4278138152990306,
    1.5296997099910983,
    0.5523535851549762,
    0.7804228733009896,
    0.6654252462869733,
    1.1638491543106715,
    0.6490945511192047,
    0.4468155618323892,
    0.630328144042709,
    0.9042541179114592,
    0.6440986733509246,
    1.9821814007373106,
    1.1824539469313118,
    0.751102161479918,
    0.7487941029330887,
    0.8032105646349057,
    0.5294371110638105,
    0.10773070384356533,
    0.602714745718323,
    0.9562173417318174,
    0.8376697359365475,
    0.48184447399412444,
    0.5511054937229912,
    1.3260888369141552,
    0.8570065908069183,
    0.7897661772986847,
    0.7416943190156748,
    0.3186080978027014,
    0.7318555522040996,
    0.7346083247242655,
    0.6874353618439206,
    0.6288936098340497,
    1.078489749620891,
    0.901666517792258,
    0.7516537155359995,
    0.34292204890571526,
    1.4558810222763259,
    0.5707348161927451,
    0.6510503413253015,
    0.7189885649167501,
    0.1145767380000749,
    0.24209055310742222,
    0.9281099803662667,
    1.3104721145777156,
    0.7535209322837111,
    2.1888647297355157,
    0.5340891685652424,
    0.678060386342778,
    0.9523211248551334,
    1.9151551385145538,
    0.7232936472567308,
    0.5959846217241688,
    1.114078801744919,
    0.24959893262847763,
    0.8635000921691991,
    0.3561786746562827,
    1.6801352427444973,
    0.503090091839685,
    0.8614107345903493,
    1.5185840624250773,
    0.7352729169897176,
    0.8849420697800608,
    0.47193923908637364,
    0.8133272764059833,
    1.5176919290159887,
    1.0903351853573957,
    0.9216789854170958,
    0.6552619034246177,
    1.2182631507173076,
    0.8629005010958207,
    1.1194886849188548,
    1.0522406116524552,
    1.090273865108822,
    0.9019908674538568,
    0.8813685729980348,
    1.2750608042783003,
    0.7854378445799705,
    0.9275624546021641,
    1.1705939938297758,
    3.4779811787756394,
    1.3733772191016314,
    0.6557207751202253,
    2.149281833224321,
    0.5082889609245671,
    1.074601798782965,
    0.6661662316355601,
    0.4244469778900929,
    0.2731252912059838,
    0.5931396840083516,
    0.4555954533031499,
    0.5635120024378834,
    0.5450128598457482,
    0.656290790540755,
    0.9109085719819889,
    2.0075799521502296,
    0.3248511646694138,
    0.7963472549622793,
    0.7960443893386969,
    0.4171473896415534,
    1.0328177914264405,
    2.3212246649156687,
    0.6683500505506464,
    0.5008964079679036,
    0.5824486199288966,
    0.6240507528844613,
    0.870044343473167,
    1.133311768988016,
    1.2435824177900445,
    0.34066837236828573,
    1.102606838226144,
    1.3753717158772303,
    0.6739473471679024,
    1.1199962466619136,
    0.6288687296519625,
    1.8756383714804996,
    1.0769480223895873,
    2.547480156120117,
    3.567809881855504,
    0.8325273472299569,
    0.2880919104883893,
    2.146478315308184,
    1.385802779833801,
    0.4816629384103096,
    0.938744097801531,
    0.5024164716175611,
    0.6673650354577788,
    0.4675243664133036,
    1.415260364426436,
    1.0757499290082715,
    0.7615163985766461,
    0.6501806193744252,
    0.7380424976587318,
    0.8752874121594967,
    0.7443049132914057,
    1.8610297834395317,
    0.6296039855147372,
    0.8839721274475907,
    0.2488430283818751,
    1.114133025709591,
    0.1725893080634316,
    1.3600688901747156,
    0.4815185820735955,
    0.795918733022628,
    0.18810297584676539,
    0.9192083876356616,
    0.42098826969121644,
    0.24193957683394396,
    1.2186696302385194,
    0.41148837413695294,
    0.3055348344898728,
    0.27077070338789194,
    0.22373293146110357,
    0.959561917344789,
    0.4540963029180448,
    0.7060452306657418,
    0.8632740516935269,
    0.6489462237912816,
    2.957924864670269,
    0.7104322656281339,
    0.8938946609008558,
    3.7406449644097703,
    0.21712302460336733,
    0.4495106059481311,
    0.8395863695730144,
    0.30867275749622686,
    1.051873497351204,
    0.9475407488939517,
    0.7838661578915764,
    0.5346344259461294,
    0.8431245632743485,
    1.6518258325436872,
    0.39965950099198877,
    0.46207487252326185,
    1.9636382289855783,
    0.6195526038199582,
    1.1930581938019138,
    0.4552260294622948,
    0.880863520660628,
    1.200374294737804,
    0.30554160603818503,
    0.7439077636149785,
    0.726493682917892,
    0.632109064376896,
    1.2364833738187506,
    0.7761356069221357,
    1.5906332194387702,
    0.5971554815962749,
    0.6791682095148797,
    1.3310868849080943,
    0.3539229540978846,
    0.9555098243373047,
    0.5695260451887717,
    2.210153156118352,
    0.6815768438016325,
    0.7787445729710907,
    1.0920843711870944,
    0.9474242038966575,
    0.8640781510452776,
    0.6284250811139974,
    0.3731470194116578,
    0.6495451413453622,
    1.8050621463249972,
    0.7910920118550724,
    1.0291576868954833,
    1.1043995821589447,
    0.7522007997910631,
    0.8504100366001424,
    0.4010807848296867,
    0.59447624213593,
    0.3492603092495955,
    1.5328360027654806,
    0.5216488664568627,
    0.49165311166810116,
    0.8542511904643154,
    0.8632709481968012,
    0.3048769692940481,
    1.0072673348078767,
    1.4953847872665367,
    0.8200308782790162,
    0.22070988886474457,
    0.7201580476871531,
    1.0699599084989455,
