{
  "per_split": {
    "forget": {
      "prob": 2.0713001165110625e-35,
      "rouge": 0.014010265640748996,
      "truth_ratio_mean": 1.9322911800259863
    },
    "retain": {
      "prob": 2.7630249559579708e-36,
      "rouge": 0.013916780641169047,
      "truth": 0.35628892710888754
    },
    "real_authors": {
      "prob": 0.11826574071569036,
      "rouge": 0.0,
      "truth": 0.9777674042711059
    },
    "world_facts": {
      "prob": 0.08020958354947057,
      "rouge": 0.0,
      "truth": 0.8388324904919439
    }
  },
  "model_utility": 0.0,
  "forget_truth_ratios": [
    0.0,
    1.1046114426265596,
    9.010371895277698,
    0.6687273043377829,
    0.4015114083467504,
    0.6391543436761292,
    0.6063289869293669,
    1.9960175046141386,
    2.1469875843861588,
    8.808877637244764,
    1.089627970970661,
    0.22295132208676213,
    0.34290138645033547,
    0.6690728620451777,
    0.367585076193379,
    0.3073693038272419,
    1.2275402211428204,
    1.0000000000000004,
    0.7398446351405663,
    0.3314690457567277,
    0.0,
    2.445579328817783,
    1.8221657811643,
    0.14907119849998632,
    2.0827676656701723e-28,
    1.3120344887319242,
    2.714696968314621,
    0.043301270189221606,
    0.7360219228178372,
    0.16321311064788446,
    4.957613095918427,
    3.0638870628004016,
    0.49999999999999684,
    2.7663237344451774,
    0.4918444570100841,
    1.4906574063322455,
    0.8660254037844322,
    1.1311527300905293,
    0.49601683518776557,
    1.8220352588250355,
    0.0,
    1.4916171874773847,
    1.347451208809064,
    0.9077043057463777,
    0.6072651611301221,
    2.232248035358959,
    1.106331828701789,
    1.3488242586783616,
    0.18297082250245736,
    6.021211493594649,
    0.8166156061120284,
    0.7400052216578342,
    2.00553357916521,
    2.713185173355838,
    0.9059575253159123,
    1.1058849292023178,
    0.24667145937060375,
    0.448700173713025,
    1.495942455405898,
    2.465711952337492,
    0.0,
    0.6710786573984637,
    0.0,
    9.183549615799063e-29,
    0.8220706914434888,
    1.818172990709734,
    0.0,
    1.3586551826765463,
    0.5483760042205693,
    1.065719347489017,
    0.7420682006833815,
    8.808877637244764,
    1.3486473585420853,
    9.183549615799063e-29,
    0.44565061449150384,
    0.5715023107505591,
    5.99999999999997,
    1.1760790225246696,
    3.5206931174766685,
    1.7826024579660162,
    0.0,
    0.6073709259867248,
    0.8197713454064307,
    1.2186606877111554,
    1.3492581926370755,
    1.1026506623060537,
    1.4921353802858264,
    0.5492281400587331,
    1.222857767547032,
    0.6059999755801652,
    0.8169109785876859,
    0.12217195173698794,
    0.3326928360366996,
    0.40561131010160767,
    0.24666520909810782,
    0.40675900564843914,
    3.317014449496591,
    1.3498007656675475,
    0.3689507793014598,
    0.6081871345029279,
    0.0,
    0.2963631787107346,
    0.5506466573774746,
    7.720338659800027,
    0.0,
    0.3510748715226494,
    5.933979671058114,
    0.5831608253907111,
    0.13943276882152944,
    35.892577079679725,
    1.861209718204188,
    2.013841956400777,
    0.1987931043533222,
    1.1144036920167468,
    0.0,
    0.6345513129052915,
    0.8185784956441651,
    0.8543257326764837,
    1.1339665776330305,
    0.8200293313335172,
    0.0,
    0.7394811174615638,
    0.20153508336838533,
    0.0,
    14.88385048292054,
    1.1048180057799857,
    0.08304872930770082,
    11.00111143515319,
    0.8191700757394551,
    13.485011065656405,
    0.32800862218298166,
    0.13490845676920143,
    1.668761712216416e-28,
    1.0238362555396117,
    0.4960231319881364,
    0.066892814995947,
    1.8257236156908916,
    0.738204972788764,
    0.6682036791798529,
    0.39999999999999825,
    0.0,
    3.000367764224609,
    5.457508845864499,
    3.3163326041605314,
    3.0038662349058436,
    7.400689213864719,
    1.8246544858654097,
    1.2240171468932821,
    0.8178983258501817,
    0.24641347022946794,
    0.7394595274246973,
    0.8194584410872268,
    1.4952082512951244,
    0.7400420027589153,
    1.6450404780460328,
    1.8253746746150543,
    1.1059740695194198,
    1.4895577710093921,
    1.3448581822169936,
    1.4911100336521586,
    0.0,
    2.352158045049339,
    0.29552119880467054,
    0.3671528043415655,
    0.10347972460959057,
    2.0255300323660698e-27,
    13.22790309332563,
    2.0182313071786484,
    0.0876538640002388,
    1.2248415068624974,
    0.94622242768341,
    0.49331679670167533,
    4.2033918505430306,
    0.027088941165903078,
    2.0593361685580245,
    0.13622162184051778,
    0.8882572139691636,
    1.3457229567579594,
    1.6461920559010415,
    1.3559269373942675,
    0.0,
    0.27317485092598565,
    0.12296690905752997,
    0.3333333333333312,
    65.4162618254956,
    1.4747598121642134,
    1.6333943323282545,
    1.5319435314002008,
    2.2270105569863756,
    11.005926936075696,
    0.16450925161906235,
    1.2079661061294813,
    1.0000000000000056,
    1.3270239018449905,
    2.6051710846973397,
    0.8502830004171976,
    1.3270239018449905,
    0.30209920045412747,
    8.758890635934828,
    2.225808706977853,
    0.0,
    1.2205484276112413,
    1.6449343894944763,
    2.316230351238575,
    1.4142135623730874,
    11.013803081390538,
    3.7279192731913318,
    9.980470864441116,
    1.3482699424606512,
    8.808877637244764,
    0.44872850510441437,
    1.8367099231598162e-28,
    1.1702495717421668,
    9.183549615799063e-29,
    2.388643023320983,
    0.7578582832551929,
    0.8202393690977005,
    1.367042580322453,
    0.0,
    0.7904802032597709,
    0.0,
    0.40861048911399794,
    0.16582171894373907,
    9.183549615799063e-29,
    0.0,
    0.18160466182844362,
    1.0430448815106246,
    1.1090850761777635,
    0.40861048911399794,
    1.8367099231598162e-28,
    0.7904802032597709,
    0.7937005259840957,
    1.1339665776330305,
    1.7099759466766957,
    9.183549615799063e-29,
    1.608445289653296,
    0.4152436465385041,
    1.4953487812212067,
    0.5101698002503186,
    0.0,
    0.0,
    0.6714589058193169,
    0.6054855170418588,
    5.825901260487856,
    2.020515504676625,
    1.2210529317436418,
    0.7405656132416405,
    1.1884016386440104,
    0.7516960157530133,
    0.9221079114817258,
    1.1041437683169413,
    0.9617999372714723,
    1.3013661254372395,
    9.183549615799063e-29,
    2.013094398711615,
    1.1082314764337116,
    2.476497807714877,
    0.21986721196974088,
    0.13257855793670836,
    2.0240667112616735,
    0.0,
    0.3013140015763603,
    0.0,
    0.936410984009231,
    0.5792016371225698,
    0.14526235083548183,
    1.2457309396155123,
    0.6666666666666637,
    0.5486568248066994,
    0.014804659950496069,
    0.9696845985878159,
    0.42408654551313124,
    2.014922586205718,
    0.5093807119386047,
    0.2478442152810698,
    0.1492763600801026,
    0.9048632179204555,
    1.9036539387158748,
    1.6531147321375945,
    0.22101347886062142,
    0.0,
    0.86839036156578,
    0.1060495609569878,
    9.183549615799063e-29,
    2.2648580947696707e-28,
    0.9999999999999937,
    9.183549615799063e-29,
    4.335112712887752,
    1.157031004803152,
    0.9742950344146146,
    6.603524529383307,
    0.6786916380543176,
    9.183549615799063e-29,
    0.19999999999999873,
    0.47698969370174743,
    1.6817928305074208,
    0.6127774125600803,
    3.229985024889059,
    0.0,
    1.0592238410488195,
    0.0,
    1.5281421358158138,
    6.052938554280469,
    7.499999999999956,
    1.9645642565388606,
    0.1311993114176941,
    9.183549615799063e-29,
    0.40855977135144705,
    0.8976072751916093,
    2.346321352623671,
    1.5157165665103858,
    0.49835138052668604,
    0.12382136033757489,
    3.151307884534172,
    0.8250377689529644,
    0.6672194461320125,
    2.6728545492008093,
    11.911107556771206,
    0.11938762747289869,
    1.4564513624208464,
    0.0,
    0.906895359549745,
    1.3488273884990014,
    1.1440231891895115e-28,
