{
  "per_split": {
    "forget": {
      "prob": 0.0807450294494629,
      "rouge": 0.4080754087893528,
      "truth_ratio_mean": 0.9216417097328184
    },
    "retain": {
      "prob": 0.07325092315673828,
      "rouge": 0.3649139561714588,
      "truth": 0.2033128458693806
    },
    "real_authors": {
      "prob": 0.427228951296944,
      "rouge": 0.9713333333333334,
      "truth": 0.6084713806056685
    },
    "world_facts": {
      "prob": 0.38671103652239525,
      "rouge": 0.9262108262108262,
      "truth": 0.5847112295142985
    }
  },
  "model_utility": 0.28391104424466485,
  "forget_truth_ratios": [
    1.5208993975563827,
    0.39255670920981794,
    1.816213026116091,
    1.041042035443139,
    0.8143109691379423,
    1.2466833049718047,
    1.1689687748287012,
    1.0328931622398525,
    1.1577456018723986,
    0.5566065141002,
    1.087620657819533,
    1.0174582168580706,
    0.4004031417079411,
    1.0319315947678545,
    1.497043369250947,
    0.43152817100501717,
    0.9118204994816769,
    0.7739263717322178,
    0.4683726198445189,
    1.1036879238646908,
    1.093195109064143,
    0.6495415771907195,
    1.018272339828887,
    0.8001225990447859,
    0.4736250182514581,
    0.5714343227846973,
    0.9073640224974363,
    0.46942734186772345,
    0.8461355832727037,
    0.7960967431001754,
    1.49056689601294,
    1.3822578619044916,
    0.6072605093966572,
    0.6690379925840406,
    0.4505991025252991,
    1.1677662789577672,
    0.636594984505695,
    0.9542177137437313,
    0.9478222343037367,
    0.922326990796381,
    0.925278693518699,
    1.0071007355675905,
    0.8406270180302335,
    1.785663672398084,
    0.7760727844730444,
    0.9278489908765021,
    0.9035638075563365,
    0.380076131761359,
    0.6027636911862942,
    0.8806865797476594,
    1.4966256563720661,
    0.7133488771485177,
    1.2962410321573647,
    1.036149670001707,
    0.7513860144314891,
    0.48430745651595464,
    0.679095770406033,
    0.5483349663112194,
    0.9012997557925118,
    1.175848738264994,
    0.37801680183388003,
    1.124206749051818,
    0.9922293276190938,
    0.9832570137451956,
    1.1982933085282765,
    1.126017088467846,
    2.0408437926419696,
    1.6117118967196793,
    1.3627369157506073,
    1.6466105116072887,
    0.8008550804768335,
    0.6800261873487055,
    1.0541182926871158,
    0.8991316970249195,
    0.7483608560490702,
    1.3817824161658459,
    0.7673790944301396,
    0.9703249451167268,
    0.46854846934645017,
    1.2086562520827102,
    1.0741814204555002,
    2.0259552629561166,
    1.845842362278475,
    1.0645252876385816,
    0.9057717803976496,
    1.0189803548902738,
    0.7562735735450091,
    1.0259524079589768,
    0.6493719982142331,
    0.6268890455317504,
    0.516127656778203,
    1.091995224623957,
    0.5562155209084239,
    0.5433323907355607,
    0.5358045938655335,
    0.8997759572956049,
    0.8090391023040621,
    1.9272274322224414,
    1.3591801495374851,
    0.8176079090492402,
    0.6880469502731225,
    0.6638417173572227,
    0.8256301928234735,
    0.1389290413355672,
    0.7458022506762945,
    0.8543074271680493,
    0.6491333864481761,
    0.6137789785829771,
    0.7220903353128483,
    1.4009430261159952,
    0.8260875463721126,
    1.1391191142790913,
    0.5637968226092811,
    0.5622134223695322,
    0.7784054267315507,
    0.565906779717028,
    0.790407241909312,
    0.874261551252303,
    1.0984956184107582,
    1.0319113034146226,
    0.8932569889646806,
    0.5344751026146833,
    2.4026930258922308,
    0.8591089555367717,
    0.93270462366616,
    0.89351023525876,
    0.07397564144968133,
    0.38644800097425847,
    1.1417389600098669,
    1.3706702435455318,
    0.8387342461923255,
    1.520981203647558,
    0.6283463419196084,
    0.7324031121034548,
    1.2049896446368449,
    1.5313994998591718,
    0.8846423088812887,
    0.5352554428058123,
    0.8892062984390654,
    0.3734139787617246,
    0.7927748001410304,
    0.2971766014273261,
    1.7753413328559717,
    0.6955482599045039,
    1.2061600792020177,
    1.2155881600333374,
    0.7338962278733819,
    1.2207653613497929,
    0.683345729591659,
    0.7516251977027448,
    1.4127807763320221,
    0.9671466820032458,
    0.9901206412349474,
    0.7657802296364129,
    0.9459716643644251,
    0.8573185795806139,
    1.027876965129989,
    1.1746439410203626,
    1.153941535353241,
    1.3577059540095067,
    0.9745417835415675,
    1.430739371445072,
    1.2005376284715605,
    1.1387318257961783,
    0.610117829510877,
    1.990817250916163,
    0.9510548900911908,
    0.7171402138827597,
    1.3276567426527124,
    0.5957232691294183,
    0.9616326219590619,
    0.5738655672247677,
    0.5112813499996274,
    0.4041927994731755,
    0.7352308894982945,
    0.614814623347754,
    0.6355439976044611,
    0.6070449930181645,
    0.6011337887951533,
    0.9718950203791842,
    1.2584498334583583,
    0.46006019525361475,
    0.8562708024349925,
    0.7326737604296398,
    0.6236516598993191,
    1.523410624446494,
    1.1754541979105209,
    0.7324755459625611,
    0.7712759889613722,
    0.836570728228583,
    0.5336529081803932,
    1.1293352868094877,
    1.5104627613777237,
    1.5355069538315396,
    0.5011681734801563,
    1.195885484466867,
    1.0900924656363549,
    0.8220783379367498,
    0.8568290982947068,
    0.9025854419667806,
    3.052025971258486,
    1.3679128908226654,
    1.1949128468715728,
    3.753407147742179,
    0.9978867223298719,
    0.3977263985916778,
    1.4987345130392191,
    1.2200873038800106,
    0.6359152988843547,
    0.7511454390092359,
    0.5699159495329231,
    0.5143637908436073,
    0.5678844096997967,
    1.2821701767333027,
    0.8964959510148123,
    1.0097969126853859,
    0.778998118798249,
    0.8113501681704306,
    0.8366494282054607,
    0.8491691767804938,
    1.7025451430912837,
    1.0188678526883075,
    1.098395983745629,
    0.4802450767722786,
    0.92927051885855,
    0.33254650833752003,
    1.2126650207603082,
    0.6342199444242312,
    0.7034459855462353,
    0.3977994612701075,
    0.9319421901806828,
    0.6123827548146015,
    0.2878940297822011,
    1.189114587988794,
    0.7508215987845552,
    0.7786829490208957,
    0.6781572425797664,
    0.500263962845763,
    0.9721790245441533,
    0.5351793276945127,
    0.746651405975589,
    1.1301337412082029,
    0.7542652339455755,
    1.9186604946291668,
    0.49016787434559156,
    0.9706853201322169,
    1.4071269827779302,
    0.473835524951932,
    0.7658384563303582,
    0.7525112658755859,
    0.4602248742201774,
    0.8788590002770628,
    0.8268350742343819,
    0.7118104814850942,
    0.7814151577592859,
    1.0220491948329555,
    1.3356419195983114,
    0.6494636618567377,
    0.8201733685342701,
    0.9835819525644507,
    0.7494907227386526,
    1.7951063412751371,
    0.6342292287910631,
    1.0056814554606703,
    0.8161391718204496,
    0.4728180012559709,
    0.9128210824396299,
    0.6437405006122586,
    0.7886188043300185,
    1.3521824709014663,
    0.6487941693134107,
    1.1123430592056722,
    0.8826553630597876,
    0.7548329533316247,
    1.4961211931994394,
    0.6040471798774131,
    0.9208310449305237,
    0.6376794660925628,
    1.5625985264614384,
    0.6948521870302706,
    0.5857838332191931,
    0.981311480979401,
    1.2286749864955888,
    0.9783310514821785,
    1.233858258640558,
    0.8466760778551199,
    1.2384926322622123,
    1.3746946027140816,
    0.8560474006202891,
    0.9745252550306769,
    1.1182487299567554,
    0.8230427637211942,
    0.8963706676519184,
    0.686904295929989,
    1.0909136471121978,
    0.6085032163938447,
    0.8596179289648149,
    0.794954063548277,
    0.8591905176079062,
    0.7845178031264678,
    1.04714101070036,
    0.7387803260829509,
    1.0464257496208782,
    1.051957251448414,
    0.9142613144681441,
    0.3722003178497201,
    0.80611555752209,
    1.3071183805922246,
    1.0515746888279187,
