{
  "per_split": {
    "forget": {
      "prob": 0.77403564453125,
      "rouge": 0.9789797170795298,
      "truth_ratio_mean": 0.5654227636327406
    },
    "retain": {
      "prob": 0.74886474609375,
      "rouge": 0.9892240955704605,
      "truth": 0.47094233314631767
    },
    "real_authors": {
      "prob": 0.6660340032855576,
      "rouge": 0.9179999999999999,
      "truth": 0.8425689482019716
    },
    "world_facts": {
      "prob": 0.5644011980833742,
      "rouge": 0.8824786324786325,
      "truth": 0.7965403298674806
    }
  },
  "model_utility": 0.7253597402385553,
  "forget_truth_ratios": [
    0.20694612514024732,
    0.563031410501457,
    0.7970853761950814,
    0.5889062095907385,
    0.4925888961493754,
    0.2913876131792152,
    1.1375710884734627,
    0.7045066094853637,
    0.2821201242015877,
    0.28399427560002755,
    0.7707398632404048,
    0.5347814418886208,
    0.182902357538069,
    0.916762981453593,
    0.7027524180300269,
    0.1874086887945764,
    0.5913068797446672,
    0.6429798670721778,
    0.512865520395079,
    0.5522720021050752,
    0.42545280480035363,
    0.3653577690240134,
    0.7943526082062073,
    0.2719472780887496,
    0.18888308725952369,
    0.5329793309142463,
    0.733373545455471,
    0.6872107254525642,
    0.6711937880543917,
    0.3841937210727853,
    2.032415690373583,
    0.8883992957831114,
    0.3067986522141258,
    0.44019480592774457,
    0.30128337566761876,
    0.584327656336095,
    0.5747069304472299,
    0.9189249255871739,
    0.7134143107660229,
    0.708927402918697,
    0.5709766736261407,
    0.26728811231625615,
    0.5621187899763893,
    2.2474090501663015,
    0.5566058378239533,
    0.4169160723263902,
    0.5781043582033589,
    0.22290772806768716,
    0.3047275834979709,
    0.5752522807829501,
    2.662275165389121,
    0.591536059153144,
    0.42929104510482147,
    0.3986084047383515,
    0.4997946200835381,
    0.469946088933764,
    0.33068660606977585,
    0.24974619140050086,
    0.6178892490917232,
    1.014578904258454,
    0.12826093605077518,
    0.5527932032943673,
    0.39269254073517423,
    0.09653035063979898,
    0.9702335523695746,
    0.7602948255227324,
    0.24413653794316276,
    1.0476425258335185,
    0.25449853261122224,
    1.8994900679672906,
    0.49890091524103625,
    0.31069915850153873,
    1.1558475210170758,
    0.1391545787867873,
    0.605199275958219,
    1.5639447495017693,
    0.6399930429817433,
    0.9483696867734984,
    0.44398533275816443,
    0.3044009464258403,
    0.7465651272911363,
    1.6744942610814042,
    0.17835179621830852,
    0.8524552702113897,
    0.2231973943919576,
    0.8211672950106886,
    0.52212297185641,
    1.4208563971562733,
    0.495632730318401,
    0.6546233518423674,
    0.3457876590786274,
    0.2080298022147381,
    0.6080922558245677,
    0.41628313894487823,
    0.512274877677797,
    0.8035906752816745,
    0.4735663044544648,
    0.25481755616656143,
    0.5771601399213149,
    0.6941627087792644,
    0.32895847623301805,
    0.8436563969989582,
    0.41916836860873274,
    0.013689465423175297,
    0.32862671031206264,
    0.6582122616118936,
    0.8302242965500377,
    0.46358521971982114,
    0.36156449780972705,
    0.9140971542257751,
    0.7317845097316608,
    0.8296486143486563,
    0.5722952278817647,
    0.28346614007536897,
    0.6231462329279661,
    0.7075302190915014,
    0.6576714571576641,
    0.3124686677963252,
    0.8067081349901275,
    0.6732868988946251,
    0.6418053322839411,
    0.3437387934065832,
    0.49056698436567486,
    0.24521669539462096,
    0.5739771403775358,
    0.6744918736822639,
    0.0763120170893389,
    0.2327651483102621,
    0.6529572285252508,
    1.2150766566000681,
    0.578747652021199,
    1.5096664861808975,
    0.1535578291087061,
    0.37846511550628875,
    0.5377611513245623,
    0.9697135643933038,
    0.6415057191647732,
    0.3421957797762883,
    1.0402823928523632,
    0.272244058153378,
    0.6166379507598057,
    0.22077652869840073,
    0.9178783805409396,
    0.2646149989094779,
    0.6614125386360591,
    0.11968486329357945,
    0.474685321082888,
    0.7764233220349392,
    0.20279836087039976,
    0.5130699390745873,
    0.8104823665648462,
    0.7521543451621361,
    0.5828148180517344,
    0.46886063773585773,
    0.6383087249059342,
    0.40848911811139155,
    0.6528312349738643,
    0.891537968925984,
    0.8280367286522161,
    0.6192546311146244,
    0.5259657768115107,
    0.5463272340198152,
    0.410980815242199,
    0.6420381554230118,
    0.13584461596557035,
    2.8640065244201467,
    0.9129236817697292,
    0.5050842942176379,
    0.24340680506707732,
    0.4178456848077639,
    0.6367503501190426,
    0.7709219403598995,
    0.4094220985196256,
    0.23221891377313392,
    0.46294282907461354,
    0.2598106069516466,
    0.5978357141450942,
    0.42852590568006654,
    0.5363940074660362,
    0.6323869227411966,
    0.26787751838759216,
    0.25742561184876356,
    0.33157731092486586,
    0.0787318856180643,
    0.41653351921974674,
    0.11068554054955389,
    1.8751550999995488,
    0.4726471950331519,
    0.2740300385515557,
    0.1262185632528595,
    0.4818914226089826,
    0.6838518651983636,
    0.3987384916797383,
    1.4571988101324906,
    0.2706542412955584,
    0.5110594523115587,
    0.21869385523274187,
    0.5088982417320395,
    1.0528701857813039,
    0.5505091963038494,
    0.33252496427961253,
    0.3033475052794696,
    1.5166244815903127,
    0.21408447857035698,
    0.12710544522454284,
    0.17334034401070067,
    0.3509390914051759,
    1.0798793878170199,
    0.4143750550025067,
    0.685069241146658,
    0.4377481421721805,
    0.7336705392285718,
    0.4346022299303956,
    0.20357465272962055,
    1.2848959236062505,
    0.5495816655200892,
    0.6462052330195293,
    0.4193328788234975,
    0.3450078750802192,
    0.2869446837995109,
    0.13263547601140016,
    0.3917759749778431,
    0.5901850298863205,
    0.11775280008850014,
    0.5315080773622449,
    0.18170337238276107,
    0.5417221623507567,
    0.5002528876051421,
    0.704406937498872,
    0.08011223111751677,
    0.696780046361714,
    0.26921702812587234,
    0.24683414369538448,
    0.6333012288364248,
    0.12789609859691142,
    0.26443895240363025,
    0.2031648289063324,
    0.2831861257159824,
    0.24306381687057976,
    0.27869656770181644,
    0.5022635502977059,
    0.6609333876905494,
    0.595765006903251,
    0.09177495567801007,
    0.3828285297183746,
    0.8726370171571827,
    0.23997600151654105,
    0.2099209383843321,
    0.45744497327439376,
    0.6197650461374361,
    0.3547216471401253,
    0.5516775879349718,
    0.6652221293524129,
    0.38588320060899983,
    0.496289188348077,
    0.5338337258976883,
    1.1275836035951552,
    0.3282088471160728,
    0.25655638421552346,
    1.049875094639865,
    0.47700850640865844,
    0.42457050327184104,
    0.0647780330309767,
    0.5294312674113697,
    0.12459814098213884,
    0.2309272587708416,
    0.4490287326039658,
    0.6812490652869784,
    0.5199520125455435,
    0.8720047006791616,
    0.5412519794195837,
    1.1044264062100566,
    0.17359235876779297,
    0.7271230515291459,
    0.7181527766984119,
    0.3024919535336723,
    0.6918846721293085,
    0.37214125217722765,
    1.3210506042708858,
    0.06690414978762513,
    0.6587167409936486,
    0.9944475974633283,
    0.5805269180571504,
    0.41215170149818503,
    0.21828921869017637,
    0.3800100102861602,
    0.6158481895534922,
    1.4972549274301767,
    0.70554156711978,
    0.7907839854880914,
    0.6960197159118217,
    0.6595699697898685,
    0.7091911739617943,
    0.4674754339574531,
    0.4218450658044798,
    0.42949665296777084,
    0.7866234708566208,
    0.3837490649585597,
    0.44510871473644353,
    0.5152009903686858,
    0.5158797467551555,
    0.18003665544767838,
    0.7693049591201078,
    0.49960282541705464,
    0.3566211600666983,
